Time,Symbol,Signal_Type,Plan,Direction,Price,AI_Up,AI_Down,H4_Trend,Divergence,Status,Detail
2026-09-30 23:19:29,XAUUSD,ZONE_ALERT,SR-SwingBounce,BUY,4157.66,49.80%,50.20%,BEARISH [v] -1.14%,H-BULL ^,WAIT_AI_CONFIRM,Bounce Support H1 | AI UP 49.8% < 52.0%
2026-09-30 23:20:55,XAUUSD,ZONE_ALERT,[SR-BOUNCE BUY] Support,BUY,4160.75,41.44%,58.56%,BEARISH (-1.14%),H-BULL ^,WAIT_AI_CONFIRM,XAUUSD in zone: [SR-BOUNCE BUY] Support
2026-09-30 23:20:55,XAUUSD,ZONE_ALERT,SR-SwingBounce+Div,BUY,4160.75,41.44%,58.56%,BEARISH (-1.14%),H-BULL ^,WAIT_AI_CONFIRM,Bounce Support H1 | AI UP 41.4% < 52.0%
2026-09-30 23:25:39,XAUUSD,ZONE_ALERT,[SR-BOUNCE BUY] Support,BUY,4161.25,48.48%,51.52%,BEARISH (-1.14%),H-BULL ^,WAIT_AI_CONFIRM,XAUUSD in zone: [SR-BOUNCE BUY] Support
2026-09-30 23:25:39,XAUUSD,ZONE_ALERT,SR-SwingBounce+Div,BUY,4161.25,48.48%,51.52%,BEARISH (-1.14%),H-BULL ^,WAIT_AI_CONFIRM,Bounce Support H1 | AI UP 48.5% < 52.0%
2026-09-30 23:28:41,XAUUSD,ZONE_ALERT,[SR-BOUNCE BUY] Support,BUY,4160.69,48.68%,51.32%,BEARISH (-1.14%),H-BULL ^,WAIT_AI_CONFIRM,XAUUSD in zone: [SR-BOUNCE BUY] Support
2026-09-30 23:28:42,XAUUSD,ZONE_ALERT,SR-SwingBounce+Div,BUY,4160.69,48.68%,51.32%,BEARISH (-1.14%),H-BULL ^,WAIT_AI_CONFIRM,Bounce Support H1 | AI UP 48.7% < 52.0%
2026-09-30 23:37:16,XAUUSD,ZONE_ALERT,[SR-BOUNCE BUY] Support,BUY,4157.61,44.86%,55.14%,BEARISH (-1.14%),H-BULL ^,WAIT_AI_CONFIRM,XAUUSD in zone: [SR-BOUNCE BUY] Support
2026-09-30 23:37:16,XAUUSD,ZONE_ALERT,SR-SwingBounce+Div,BUY,4157.61,44.86%,55.14%,BEARISH (-1.14%),H-BULL ^,WAIT_AI_CONFIRM,Bounce Support H1 | AI UP 44.9% < 52.0%
2026-09-30 23:40:19,XAUUSD,ZONE_ALERT,[SR-BOUNCE BUY] Support,BUY,4159.18,42.20%,57.80%,BEARISH (-1.14%),H-BULL ^,WAIT_AI_CONFIRM,XAUUSD in zone: [SR-BOUNCE BUY] Support
2026-09-30 23:40:20,XAUUSD,ZONE_ALERT,SR-SwingBounce+Div,BUY,4159.18,42.20%,57.80%,BEARISH (-1.14%),H-BULL ^,WAIT_AI_CONFIRM,Bounce Support H1 | AI UP 42.2% < 52.0%
2026-09-30 23:43:22,XAUUSD,ZONE_ALERT,[SR-BOUNCE BUY] Support,BUY,4160.37,43.46%,56.54%,BEARISH (-1.14%),H-BULL ^,WAIT_AI_CONFIRM,XAUUSD in zone: [SR-BOUNCE BUY] Support
2026-09-30 23:43:22,XAUUSD,ZONE_ALERT,SR-SwingBounce+Div,BUY,4160.37,43.46%,56.54%,BEARISH (-1.14%),H-BULL ^,WAIT_AI_CONFIRM,Bounce Support H1 | AI UP 43.5% < 52.0%
2026-09-30 23:43:53,XAUUSD,ZONE_ALERT,[SR-BOUNCE BUY] Support,BUY,4160.36,42.70%,57.30%,BEARISH (-1.14%),H-BULL ^,WAIT_AI_CONFIRM,XAUUSD in zone: [SR-BOUNCE BUY] Support
2026-09-30 23:43:53,XAUUSD,ZONE_ALERT,SR-SwingBounce+Div,BUY,4160.36,42.70%,57.30%,BEARISH (-1.14%),H-BULL ^,WAIT_AI_CONFIRM,Bounce Support H1 | AI UP 42.7% < 52.0%
2026-09-30 23:50:37,XAUUSD,ZONE_ALERT,[SR-BOUNCE BUY] Support,BUY,4159.20,43.47%,56.53%,BEARISH (-1.14%),H-BULL ^,WAIT_AI_CONFIRM,XAUUSD in zone: [SR-BOUNCE BUY] Support
2026-09-30 23:50:38,XAUUSD,ZONE_ALERT,SR-SwingBounce+Div,BUY,4159.20,43.47%,56.53%,BEARISH (-1.14%),H-BULL ^,WAIT_AI_CONFIRM,Bounce Support H1 | AI UP 43.5% < 52.0%
2026-09-30 23:57:22,XAUUSD,ZONE_ALERT,[SR-BOUNCE BUY] Support,BUY,4158.29,43.78%,56.22%,BEARISH (-1.14%),H-BULL ^,WAIT_AI_CONFIRM,XAUUSD in zone: [SR-BOUNCE BUY] Support
2026-09-30 23:57:22,XAUUSD,ZONE_ALERT,SR-SwingBounce+Div,BUY,4158.29,43.78%,56.22%,BEARISH (-1.14%),H-BULL ^,WAIT_AI_CONFIRM,Bounce Support H1 | AI UP 43.8% < 52.0%
2026-10-01 00:00:24,XAUUSD,ZONE_ALERT,[SR-BOUNCE BUY] Support,BUY,4158.40,43.75%,56.25%,BEARISH (-0.96%),H-BULL ^,WAIT_AI_CONFIRM,XAUUSD in zone: [SR-BOUNCE BUY] Support
2026-10-01 00:00:24,XAUUSD,ZONE_ALERT,SR-SwingBounce+Div,BUY,4158.40,43.75%,56.25%,BEARISH (-0.96%),H-BULL ^,WAIT_AI_CONFIRM,Bounce Support H1 | AI UP 43.7% < 52.0%
2026-10-01 00:12:52,XAUUSD,ZONE_ALERT,[SMC-HUNT BUY] Swept,BUY,4153.53,50.70%,49.30%,BEARISH (-0.97%),None,WAIT_AI_CONFIRM,XAUUSD in zone: [SMC-HUNT BUY] Swept
2026-10-01 00:12:52,XAUUSD,H4_FILTERED,SMC-LiquidityHunt,BUY,4153.53,50.70%,49.30%,BEARISH (-0.97%),None,H4_BLOCKED,"COUNTER-H4 BLOCKED (Requires Bull Div or AI UP >= 58%, Current: 50.7%)"
2026-10-01 00:13:33,XAUUSD,ZONE_ALERT,SMC-LiquidityHunt,BUY,4155.48,49.71%,50.29%,BEARISH (-0.97%),None,WAIT_AI_CONFIRM,SMC Sweep Support | AI UP 49.7% < 50.0%
2026-10-01 00:15:34,XAUUSD,ZONE_ALERT,[SR-BOUNCE BUY] Support,BUY,4153.84,46.32%,53.68%,BEARISH (-0.97%),None,WAIT_AI_CONFIRM,XAUUSD in zone: [SR-BOUNCE BUY] Support
2026-10-01 00:15:34,XAUUSD,ZONE_ALERT,SR-SwingBounce,BUY,4153.84,46.32%,53.68%,BEARISH (-0.97%),None,WAIT_AI_CONFIRM,Bounce Support H1 | AI UP 46.3% < 55.0%
2026-10-01 00:19:16,XAUUSD,ZONE_ALERT,[SR-BOUNCE BUY] Support,BUY,4151.73,45.29%,54.71%,BEARISH (-0.97%),None,WAIT_AI_CONFIRM,XAUUSD in zone: [SR-BOUNCE BUY] Support
2026-10-01 00:19:17,XAUUSD,ZONE_ALERT,SR-SwingBounce,BUY,4151.73,45.29%,54.71%,BEARISH (-0.97%),None,WAIT_AI_CONFIRM,Bounce Support H1 | AI UP 45.3% < 55.0%
2026-10-01 00:21:38,XAUUSD,ZONE_ALERT,[SMC-HUNT BUY] Swept,BUY,4152.33,45.10%,54.90%,BEARISH (-0.97%),None,WAIT_AI_CONFIRM,XAUUSD in zone: [SMC-HUNT BUY] Swept
2026-10-01 00:21:38,XAUUSD,ZONE_ALERT,SMC-LiquidityHunt,BUY,4152.33,45.10%,54.90%,BEARISH (-0.97%),None,WAIT_AI_CONFIRM,SMC Sweep Support | AI UP 45.1% < 50.0%
2026-10-01 00:22:39,XAUUSD,ZONE_ALERT,[SR-BOUNCE BUY] Support,BUY,4151.77,45.29%,54.71%,BEARISH (-0.97%),None,WAIT_AI_CONFIRM,XAUUSD in zone: [SR-BOUNCE BUY] Support
2026-10-01 00:22:40,XAUUSD,ZONE_ALERT,SR-SwingBounce,BUY,4151.77,45.29%,54.71%,BEARISH (-0.97%),None,WAIT_AI_CONFIRM,Bounce Support H1 | AI UP 45.3% < 55.0%
2026-10-01 00:24:41,XAUUSD,ZONE_ALERT,[SMC-HUNT BUY] Swept,BUY,4154.08,42.58%,57.42%,BEARISH (-0.97%),None,WAIT_AI_CONFIRM,XAUUSD in zone: [SMC-HUNT BUY] Swept
2026-10-01 00:24:41,XAUUSD,ZONE_ALERT,SMC-LiquidityHunt,BUY,4154.08,42.58%,57.42%,BEARISH (-0.97%),None,WAIT_AI_CONFIRM,SMC Sweep Support | AI UP 42.6% < 50.0%
2026-10-01 00:27:43,XAUUSD,ZONE_ALERT,[SMC-HUNT BUY] Swept,BUY,4153.42,47.99%,52.01%,BEARISH (-0.97%),None,WAIT_AI_CONFIRM,XAUUSD in zone: [SMC-HUNT BUY] Swept
2026-10-01 00:27:43,XAUUSD,ZONE_ALERT,SMC-LiquidityHunt,BUY,4153.42,47.99%,52.01%,BEARISH (-0.97%),None,WAIT_AI_CONFIRM,SMC Sweep Support | AI UP 48.0% < 50.0%
2026-10-01 00:29:45,XAUUSD,H4_FILTERED,SMC-LiquidityHunt,BUY,4155.74,50.32%,49.68%,BEARISH (-0.97%),None,H4_BLOCKED,"COUNTER-H4 BLOCKED (Requires Bull Div or AI UP >= 58%, Current: 50.3%)"
2026-10-01 00:32:47,XAUUSD,ZONE_ALERT,[SR-BOUNCE BUY] Support,BUY,4154.98,45.60%,54.40%,BEARISH (-0.97%),None,WAIT_AI_CONFIRM,XAUUSD in zone: [SR-BOUNCE BUY] Support
2026-10-01 00:32:47,XAUUSD,ZONE_ALERT,SR-SwingBounce,BUY,4154.98,45.60%,54.40%,BEARISH (-0.97%),None,WAIT_AI_CONFIRM,Bounce Support H1 | AI UP 45.6% < 55.0%
2026-10-01 00:35:49,XAUUSD,ZONE_ALERT,[SR-BOUNCE BUY] Support,BUY,4152.45,46.20%,53.80%,BEARISH (-0.97%),None,WAIT_AI_CONFIRM,XAUUSD in zone: [SR-BOUNCE BUY] Support
2026-10-01 00:35:49,XAUUSD,ZONE_ALERT,SR-SwingBounce,BUY,4152.45,46.20%,53.80%,BEARISH (-0.97%),None,WAIT_AI_CONFIRM,Bounce Support H1 | AI UP 46.2% < 55.0%
2026-10-01 00:36:10,XAUUSD,ZONE_ALERT,[SMC-HUNT BUY] Swept,BUY,4153.18,44.40%,55.60%,BEARISH (-0.97%),None,WAIT_AI_CONFIRM,XAUUSD in zone: [SMC-HUNT BUY] Swept
2026-10-01 00:36:10,XAUUSD,ZONE_ALERT,SMC-LiquidityHunt,BUY,4153.18,44.40%,55.60%,BEARISH (-0.97%),None,WAIT_AI_CONFIRM,SMC Sweep Support | AI UP 44.4% < 50.0%
2026-10-01 00:38:52,XAUUSD,ZONE_ALERT,[SR-BOUNCE BUY] Support,BUY,4152.69,45.07%,54.93%,BEARISH (-0.97%),None,WAIT_AI_CONFIRM,XAUUSD in zone: [SR-BOUNCE BUY] Support
2026-10-01 00:38:52,XAUUSD,ZONE_ALERT,SR-SwingBounce,BUY,4152.69,45.07%,54.93%,BEARISH (-0.97%),None,WAIT_AI_CONFIRM,Bounce Support H1 | AI UP 45.1% < 55.0%
2026-10-01 00:39:12,XAUUSD,ZONE_ALERT,[SMC-HUNT BUY] Swept,BUY,4153.21,44.40%,55.60%,BEARISH (-0.97%),None,WAIT_AI_CONFIRM,XAUUSD in zone: [SMC-HUNT BUY] Swept
2026-10-01 00:39:12,XAUUSD,ZONE_ALERT,SMC-LiquidityHunt,BUY,4153.21,44.40%,55.60%,BEARISH (-0.97%),None,WAIT_AI_CONFIRM,SMC Sweep Support | AI UP 44.4% < 50.0%
2026-10-01 00:42:14,XAUUSD,ZONE_ALERT,[SMC-HUNT BUY] Swept,BUY,4153.11,44.40%,55.60%,BEARISH (-0.97%),None,WAIT_AI_CONFIRM,XAUUSD in zone: [SMC-HUNT BUY] Swept
2026-10-01 00:42:15,XAUUSD,ZONE_ALERT,SMC-LiquidityHunt,BUY,4153.11,44.40%,55.60%,BEARISH (-0.97%),None,WAIT_AI_CONFIRM,SMC Sweep Support | AI UP 44.4% < 50.0%
2026-10-01 00:42:35,XAUUSD,ZONE_ALERT,[SR-BOUNCE BUY] Support,BUY,4152.83,45.68%,54.32%,BEARISH (-0.97%),None,WAIT_AI_CONFIRM,XAUUSD in zone: [SR-BOUNCE BUY] Support
2026-10-01 00:42:35,XAUUSD,ZONE_ALERT,SR-SwingBounce,BUY,4152.83,45.68%,54.32%,BEARISH (-0.97%),None,WAIT_AI_CONFIRM,Bounce Support H1 | AI UP 45.7% < 55.0%
2026-10-01 00:45:17,XAUUSD,ZONE_ALERT,[TREND-BREAK SELL] Confirmed by AI,SELL,4147.97,47.95%,52.05%,BEARISH (-0.98%),BULL DIV ^,WAIT_AI_CONFIRM,XAUUSD in zone: [TREND-BREAK SELL] Confirmed by AI
2026-10-01 00:45:18,XAUUSD,ENTRY_SIGNAL,Trend-Breakout,SELL,4147.98,47.95%,52.05%,BEARISH (-0.98%),BULL DIV ^,ORDER_SENT,Lot 0.01 | SL: 4151.89 | TP: 4140.16 (PRO-TREND (H4 Bearish [v]))
2026-10-01 00:47:40,XAUUSD,ZONE_ALERT,[TREND-BREAK SELL] Wait AI confirm,SELL,4149.32,50.56%,49.44%,BEARISH (-0.98%),BULL DIV ^,WAIT_AI_CONFIRM,XAUUSD in zone: [TREND-BREAK SELL] Wait AI confirm
2026-10-01 00:52:03,XAUUSD,ZONE_ALERT,[TREND-BREAK SELL] Wait AI confirm,SELL,4149.31,51.28%,48.72%,BEARISH (-0.98%),BULL DIV ^,WAIT_AI_CONFIRM,XAUUSD in zone: [TREND-BREAK SELL] Wait AI confirm
2026-10-01 00:55:05,XAUUSD,ZONE_ALERT,[TREND-BREAK SELL] Wait AI confirm,SELL,4148.89,51.31%,48.69%,BEARISH (-0.98%),BULL DIV ^,WAIT_AI_CONFIRM,XAUUSD in zone: [TREND-BREAK SELL] Wait AI confirm
2026-10-01 00:59:07,XAUUSD,ZONE_ALERT,[SMC-HUNT BUY + BULL DIV],BUY,4151.98,46.21%,53.79%,BEARISH (-0.97%),BULL DIV ^,WAIT_AI_CONFIRM,XAUUSD in zone: [SMC-HUNT BUY + BULL DIV]
2026-10-01 00:59:08,XAUUSD,RISK_BLOCKED,[SMC-HUNT BUY + BULL DIV],N/A,4151.98,46.21%,53.79%,BEARISH (-0.97%),BULL DIV ^,COOLDOWN,Waiting 09:59m before next trade (Loss streak: 0)
2026-10-01 01:04:51,XAUUSD,ZONE_ALERT,[SR-BOUNCE BUY] Support,BUY,4150.42,45.01%,54.99%,BEARISH (-0.98%),None,WAIT_AI_CONFIRM,XAUUSD in zone: [SR-BOUNCE BUY] Support
2026-10-01 01:04:52,XAUUSD,RISK_BLOCKED,[SR-BOUNCE BUY] Support,N/A,4150.42,45.01%,54.99%,BEARISH (-0.98%),None,COOLDOWN,Waiting 04:15m before next trade (Loss streak: 0)
2026-10-01 01:08:14,XAUUSD,ZONE_ALERT,[SR-BOUNCE BUY] Support,BUY,4149.22,45.09%,54.91%,BEARISH (-0.98%),None,WAIT_AI_CONFIRM,XAUUSD in zone: [SR-BOUNCE BUY] Support
2026-10-01 01:08:14,XAUUSD,RISK_BLOCKED,[SR-BOUNCE BUY] Support,N/A,4149.22,45.09%,54.91%,BEARISH (-0.98%),None,COOLDOWN,Waiting 00:53m before next trade (Loss streak: 0)
2026-10-01 01:08:35,XAUUSD,ZONE_ALERT,[SMC-HUNT BUY] Swept,BUY,4149.61,45.03%,54.97%,BEARISH (-0.98%),None,WAIT_AI_CONFIRM,XAUUSD in zone: [SMC-HUNT BUY] Swept
2026-10-01 01:08:35,XAUUSD,RISK_BLOCKED,[SMC-HUNT BUY] Swept,N/A,4149.61,45.03%,54.97%,BEARISH (-0.98%),None,COOLDOWN,Waiting 00:32m before next trade (Loss streak: 0)
2026-10-01 01:09:15,XAUUSD,ZONE_ALERT,SMC-LiquidityHunt,BUY,4149.53,45.03%,54.97%,BEARISH (-0.98%),None,WAIT_AI_CONFIRM,SMC Sweep Support | AI UP 45.0% < 50.0%
2026-10-01 01:11:37,XAUUSD,ZONE_ALERT,[SMC-HUNT BUY] Swept,BUY,4150.93,43.88%,56.12%,BEARISH (-0.98%),None,WAIT_AI_CONFIRM,XAUUSD in zone: [SMC-HUNT BUY] Swept
2026-10-01 01:12:18,XAUUSD,ZONE_ALERT,SMC-LiquidityHunt,BUY,4149.68,44.83%,55.17%,BEARISH (-0.98%),None,WAIT_AI_CONFIRM,SMC Sweep Support | AI UP 44.8% < 50.0%
2026-10-01 01:13:39,XAUUSD,ZONE_ALERT,[SR-BOUNCE BUY] Support,BUY,4149.28,45.09%,54.91%,BEARISH (-0.98%),None,WAIT_AI_CONFIRM,XAUUSD in zone: [SR-BOUNCE BUY] Support
2026-10-01 01:13:39,XAUUSD,ZONE_ALERT,SR-SwingBounce,BUY,4149.28,45.09%,54.91%,BEARISH (-0.98%),None,WAIT_AI_CONFIRM,Bounce Support H1 | AI UP 45.1% < 55.0%
2026-10-01 01:15:00,XAUUSD,ZONE_ALERT,[SMC-HUNT BUY] Swept,BUY,4150.06,44.51%,55.49%,BEARISH (-0.98%),None,WAIT_AI_CONFIRM,XAUUSD in zone: [SMC-HUNT BUY] Swept
2026-10-01 01:16:41,XAUUSD,ZONE_ALERT,[SR-BOUNCE BUY] Support,BUY,4150.55,50.06%,49.94%,BEARISH (-0.98%),None,WAIT_AI_CONFIRM,XAUUSD in zone: [SR-BOUNCE BUY] Support
2026-10-01 01:16:41,XAUUSD,ZONE_ALERT,SR-SwingBounce,BUY,4150.55,50.06%,49.94%,BEARISH (-0.98%),None,WAIT_AI_CONFIRM,Bounce Support H1 | AI UP 50.1% < 55.0%
2026-10-01 01:20:04,XAUUSD,ZONE_ALERT,[SR-BOUNCE BUY] Support,BUY,4150.13,51.02%,48.98%,BEARISH (-0.98%),None,WAIT_AI_CONFIRM,XAUUSD in zone: [SR-BOUNCE BUY] Support
2026-10-01 01:20:04,XAUUSD,ZONE_ALERT,SR-SwingBounce,BUY,4150.13,51.02%,48.98%,BEARISH (-0.98%),None,WAIT_AI_CONFIRM,Bounce Support H1 | AI UP 51.0% < 55.0%
2026-10-01 01:23:26,XAUUSD,ZONE_ALERT,[SR-BOUNCE BUY] Support,BUY,4150.53,51.02%,48.98%,BEARISH (-0.98%),None,WAIT_AI_CONFIRM,XAUUSD in zone: [SR-BOUNCE BUY] Support
2026-10-01 01:23:26,XAUUSD,ZONE_ALERT,SR-SwingBounce,BUY,4150.53,51.02%,48.98%,BEARISH (-0.98%),None,WAIT_AI_CONFIRM,Bounce Support H1 | AI UP 51.0% < 55.0%
2026-10-01 01:26:28,XAUUSD,ZONE_ALERT,[SR-BOUNCE BUY] Support,BUY,4151.61,47.03%,52.97%,BEARISH (-0.97%),None,WAIT_AI_CONFIRM,XAUUSD in zone: [SR-BOUNCE BUY] Support
2026-10-01 01:26:28,XAUUSD,ZONE_ALERT,SR-SwingBounce,BUY,4151.61,47.03%,52.97%,BEARISH (-0.97%),None,WAIT_AI_CONFIRM,Bounce Support H1 | AI UP 47.0% < 55.0%
2026-10-01 01:29:31,XAUUSD,ZONE_ALERT,[SR-BOUNCE BUY] Support,BUY,4153.65,49.32%,50.68%,BEARISH (-0.97%),None,WAIT_AI_CONFIRM,XAUUSD in zone: [SR-BOUNCE BUY] Support
2026-10-01 01:29:31,XAUUSD,ZONE_ALERT,SR-SwingBounce,BUY,4153.65,49.32%,50.68%,BEARISH (-0.97%),None,WAIT_AI_CONFIRM,Bounce Support H1 | AI UP 49.3% < 55.0%
2026-10-01 01:38:37,XAUUSD,ZONE_ALERT,[SR-BOUNCE BUY] Support,BUY,4153.95,49.26%,50.74%,BEARISH (-0.97%),None,WAIT_AI_CONFIRM,XAUUSD in zone: [SR-BOUNCE BUY] Support
2026-10-01 01:38:37,XAUUSD,ZONE_ALERT,SR-SwingBounce,BUY,4153.95,49.26%,50.74%,BEARISH (-0.97%),None,WAIT_AI_CONFIRM,Bounce Support H1 | AI UP 49.3% < 55.0%
2026-10-01 01:43:00,XAUUSD,ZONE_ALERT,[SR-BOUNCE BUY] Support,BUY,4152.90,50.63%,49.37%,BEARISH (-0.97%),None,WAIT_AI_CONFIRM,XAUUSD in zone: [SR-BOUNCE BUY] Support
2026-10-01 01:43:00,XAUUSD,ZONE_ALERT,SR-SwingBounce,BUY,4152.90,50.63%,49.37%,BEARISH (-0.97%),None,WAIT_AI_CONFIRM,Bounce Support H1 | AI UP 50.6% < 55.0%
2026-10-01 01:46:22,XAUUSD,ZONE_ALERT,[SR-BOUNCE BUY] Support,BUY,4152.17,51.86%,48.14%,BEARISH (-0.97%),None,WAIT_AI_CONFIRM,XAUUSD in zone: [SR-BOUNCE BUY] Support
2026-10-01 01:46:22,XAUUSD,ZONE_ALERT,SR-SwingBounce,BUY,4152.17,51.86%,48.14%,BEARISH (-0.97%),None,WAIT_AI_CONFIRM,Bounce Support H1 | AI UP 51.9% < 55.0%
2026-10-01 01:51:05,XAUUSD,ZONE_ALERT,[SR-BOUNCE BUY] Support,BUY,4151.53,53.76%,46.24%,BEARISH (-0.97%),None,WAIT_AI_CONFIRM,XAUUSD in zone: [SR-BOUNCE BUY] Support
2026-10-01 01:51:05,XAUUSD,ZONE_ALERT,SR-SwingBounce,BUY,4151.53,53.76%,46.24%,BEARISH (-0.97%),None,WAIT_AI_CONFIRM,Bounce Support H1 | AI UP 53.8% < 55.0%
2026-10-01 01:54:48,XAUUSD,ZONE_ALERT,[SR-BOUNCE BUY] Support,BUY,4151.46,53.24%,46.76%,BEARISH (-0.97%),None,WAIT_AI_CONFIRM,XAUUSD in zone: [SR-BOUNCE BUY] Support
2026-10-01 01:54:48,XAUUSD,ZONE_ALERT,SR-SwingBounce,BUY,4151.46,53.24%,46.76%,BEARISH (-0.97%),None,WAIT_AI_CONFIRM,Bounce Support H1 | AI UP 53.2% < 55.0%
2026-10-01 01:59:51,XAUUSD,ZONE_ALERT,[SR-BOUNCE BUY] Support,BUY,4151.69,53.61%,46.39%,BEARISH (-0.97%),None,WAIT_AI_CONFIRM,XAUUSD in zone: [SR-BOUNCE BUY] Support
2026-10-01 01:59:51,XAUUSD,ZONE_ALERT,SR-SwingBounce,BUY,4151.69,53.61%,46.39%,BEARISH (-0.97%),None,WAIT_AI_CONFIRM,Bounce Support H1 | AI UP 53.6% < 55.0%
2026-10-01 02:02:53,XAUUSD,ZONE_ALERT,[SR-BOUNCE BUY] Support,BUY,4152.52,50.91%,49.09%,BEARISH (-0.97%),None,WAIT_AI_CONFIRM,XAUUSD in zone: [SR-BOUNCE BUY] Support
2026-10-01 02:02:53,XAUUSD,ZONE_ALERT,SR-SwingBounce,BUY,4152.52,50.91%,49.09%,BEARISH (-0.97%),None,WAIT_AI_CONFIRM,Bounce Support H1 | AI UP 50.9% < 55.0%
2026-10-01 02:06:15,XAUUSD,ZONE_ALERT,[SR-BOUNCE BUY] Support,BUY,4152.04,51.01%,48.99%,BEARISH (-0.97%),None,WAIT_AI_CONFIRM,XAUUSD in zone: [SR-BOUNCE BUY] Support
2026-10-01 02:06:16,XAUUSD,ZONE_ALERT,SR-SwingBounce,BUY,4152.04,51.01%,48.99%,BEARISH (-0.97%),None,WAIT_AI_CONFIRM,Bounce Support H1 | AI UP 51.0% < 55.0%
2026-10-01 02:09:18,XAUUSD,ZONE_ALERT,[SR-BOUNCE BUY] Support,BUY,4152.29,51.01%,48.99%,BEARISH (-0.97%),None,WAIT_AI_CONFIRM,XAUUSD in zone: [SR-BOUNCE BUY] Support
2026-10-01 02:09:18,XAUUSD,ZONE_ALERT,SR-SwingBounce,BUY,4152.29,51.01%,48.99%,BEARISH (-0.97%),None,WAIT_AI_CONFIRM,Bounce Support H1 | AI UP 51.0% < 55.0%
2026-10-01 02:13:41,XAUUSD,ZONE_ALERT,[SR-BOUNCE BUY] Support,BUY,4150.73,52.20%,47.80%,BEARISH (-0.98%),None,WAIT_AI_CONFIRM,XAUUSD in zone: [SR-BOUNCE BUY] Support
2026-10-01 02:13:41,XAUUSD,ZONE_ALERT,SR-SwingBounce,BUY,4150.73,52.20%,47.80%,BEARISH (-0.98%),None,WAIT_AI_CONFIRM,Bounce Support H1 | AI UP 52.2% < 55.0%
2026-10-01 02:17:03,XAUUSD,ZONE_ALERT,[SR-BOUNCE BUY] Support,BUY,4151.26,52.83%,47.17%,BEARISH (-0.98%),H-BEAR v,WAIT_AI_CONFIRM,XAUUSD in zone: [SR-BOUNCE BUY] Support
2026-10-01 02:17:03,XAUUSD,ZONE_ALERT,SR-SwingBounce,BUY,4151.26,52.83%,47.17%,BEARISH (-0.98%),H-BEAR v,WAIT_AI_CONFIRM,Bounce Support H1 | AI UP 52.8% < 55.0%
2026-10-01 02:20:05,XAUUSD,ZONE_ALERT,[SR-BOUNCE BUY] Support,BUY,4152.27,52.02%,47.98%,BEARISH (-0.97%),H-BEAR v,WAIT_AI_CONFIRM,XAUUSD in zone: [SR-BOUNCE BUY] Support
2026-10-01 02:20:06,XAUUSD,ZONE_ALERT,SR-SwingBounce,BUY,4152.27,52.02%,47.98%,BEARISH (-0.97%),H-BEAR v,WAIT_AI_CONFIRM,Bounce Support H1 | AI UP 52.0% < 55.0%
2026-10-01 02:26:30,XAUUSD,ZONE_ALERT,[SR-BOUNCE BUY] Support,BUY,4152.33,52.58%,47.42%,BEARISH (-0.97%),H-BEAR v,WAIT_AI_CONFIRM,XAUUSD in zone: [SR-BOUNCE BUY] Support
2026-10-01 02:26:30,XAUUSD,ZONE_ALERT,SR-SwingBounce,BUY,4152.33,52.58%,47.42%,BEARISH (-0.97%),H-BEAR v,WAIT_AI_CONFIRM,Bounce Support H1 | AI UP 52.6% < 55.0%
2026-10-01 02:44:00,XAUUSD,ZONE_ALERT,[SR-BOUNCE BUY] Support,BUY,4152.15,53.45%,46.55%,BEARISH (-0.97%),H-BEAR v,WAIT_AI_CONFIRM,XAUUSD in zone: [SR-BOUNCE BUY] Support
2026-10-01 02:44:01,XAUUSD,ZONE_ALERT,SR-SwingBounce,BUY,4152.15,53.45%,46.55%,BEARISH (-0.97%),H-BEAR v,WAIT_AI_CONFIRM,Bounce Support H1 | AI UP 53.4% < 55.0%
2026-10-01 02:51:25,XAUUSD,ZONE_ALERT,[SR-BOUNCE BUY] Support,BUY,4151.30,52.29%,47.71%,BEARISH (-0.98%),H-BEAR v,WAIT_AI_CONFIRM,XAUUSD in zone: [SR-BOUNCE BUY] Support
2026-10-01 02:51:25,XAUUSD,ZONE_ALERT,SR-SwingBounce,BUY,4151.30,52.29%,47.71%,BEARISH (-0.98%),H-BEAR v,WAIT_AI_CONFIRM,Bounce Support H1 | AI UP 52.3% < 55.0%
2026-10-01 03:03:53,XAUUSD,ZONE_ALERT,[SR-BOUNCE BUY] Support,BUY,4152.38,52.25%,47.75%,BEARISH (-0.97%),H-BEAR v,WAIT_AI_CONFIRM,XAUUSD in zone: [SR-BOUNCE BUY] Support
2026-10-01 03:03:53,XAUUSD,ZONE_ALERT,SR-SwingBounce,BUY,4152.38,52.25%,47.75%,BEARISH (-0.97%),H-BEAR v,WAIT_AI_CONFIRM,Bounce Support H1 | AI UP 52.3% < 55.0%
2026-10-01 07:17:19,XAUUSD,ZONE_ALERT,[TREND-BREAK SELL] Wait AI confirm,SELL,4146.46,61.03%,38.97%,BEARISH (-0.83%),None,WAIT_AI_CONFIRM,XAUUSD in zone: [TREND-BREAK SELL] Wait AI confirm
2026-10-01 07:17:19,XAUUSD,ZONE_ALERT,Trend-Breakout,SELL,4146.46,61.03%,38.97%,BEARISH (-0.83%),None,WAIT_AI_CONFIRM,Breakout Support | AI DOWN 39.0% < 50.0%
2026-10-01 07:20:21,XAUUSD,ZONE_ALERT,[TREND-BREAK SELL] Wait AI confirm,SELL,4142.21,62.84%,37.16%,BEARISH (-0.83%),None,WAIT_AI_CONFIRM,XAUUSD in zone: [TREND-BREAK SELL] Wait AI confirm
2026-10-01 07:20:21,XAUUSD,ZONE_ALERT,Trend-Breakout,SELL,4142.21,62.84%,37.16%,BEARISH (-0.83%),None,WAIT_AI_CONFIRM,Breakout Support | AI DOWN 37.2% < 50.0%
2026-10-01 07:25:24,XAUUSD,ZONE_ALERT,[SMC-HUNT BUY] Swept,BUY,4148.27,66.92%,33.08%,BEARISH (-0.82%),None,WAIT_AI_CONFIRM,XAUUSD in zone: [SMC-HUNT BUY] Swept
2026-10-01 07:25:25,XAUUSD,ENTRY_SIGNAL,SMC-LiquidityHunt,BUY,4148.55,66.92%,33.08%,BEARISH (-0.82%),None,ORDER_SENT,Lot 0.01 | SL: 4146.58 | TP: 4152.49 (COUNTER-H4 ALLOWED (High AI Confidence: 66.9%))
2026-10-01 07:30:08,XAUUSD,ZONE_ALERT,[TREND-BREAK SELL] Wait AI confirm,SELL,4141.68,60.28%,39.72%,BEARISH (-0.83%),None,WAIT_AI_CONFIRM,XAUUSD in zone: [TREND-BREAK SELL] Wait AI confirm
2026-10-01 07:30:08,XAUUSD,RISK_BLOCKED,[TREND-BREAK SELL] Wait AI confirm,N/A,4141.68,60.28%,39.72%,BEARISH (-0.83%),None,COOLDOWN,Waiting 07:18m before next trade (Loss streak: 0)
2026-10-01 07:33:30,XAUUSD,ZONE_ALERT,[TREND-BREAK SELL] Wait AI confirm,SELL,4140.81,59.99%,40.01%,BEARISH (-0.84%),None,WAIT_AI_CONFIRM,XAUUSD in zone: [TREND-BREAK SELL] Wait AI confirm
2026-10-01 07:33:30,XAUUSD,RISK_BLOCKED,[TREND-BREAK SELL] Wait AI confirm,N/A,4140.81,59.99%,40.01%,BEARISH (-0.84%),None,COOLDOWN,Waiting 03:55m before next trade (Loss streak: 0)
2026-10-01 07:36:32,XAUUSD,ZONE_ALERT,[TREND-BREAK SELL] Wait AI confirm,SELL,4140.63,60.81%,39.19%,BEARISH (-0.84%),None,WAIT_AI_CONFIRM,XAUUSD in zone: [TREND-BREAK SELL] Wait AI confirm
2026-10-01 07:36:33,XAUUSD,RISK_BLOCKED,[TREND-BREAK SELL] Wait AI confirm,N/A,4140.63,60.81%,39.19%,BEARISH (-0.84%),None,COOLDOWN,Waiting 00:53m before next trade (Loss streak: 0)
2026-10-01 07:37:33,XAUUSD,ZONE_ALERT,Trend-Breakout,SELL,4140.30,60.99%,39.01%,BEARISH (-0.84%),None,WAIT_AI_CONFIRM,Breakout Support | AI DOWN 39.0% < 50.0%
2026-10-01 07:42:16,XAUUSD,ZONE_ALERT,[TREND-BREAK SELL] Wait AI confirm,SELL,4140.83,60.99%,39.01%,BEARISH (-0.84%),None,WAIT_AI_CONFIRM,XAUUSD in zone: [TREND-BREAK SELL] Wait AI confirm
2026-10-01 07:42:17,XAUUSD,ZONE_ALERT,Trend-Breakout,SELL,4140.83,60.99%,39.01%,BEARISH (-0.84%),None,WAIT_AI_CONFIRM,Breakout Support | AI DOWN 39.0% < 50.0%
2026-10-01 07:45:19,XAUUSD,ZONE_ALERT,[TREND-BREAK SELL] Wait AI confirm,SELL,4144.15,61.89%,38.11%,BEARISH (-0.83%),None,WAIT_AI_CONFIRM,XAUUSD in zone: [TREND-BREAK SELL] Wait AI confirm
2026-10-01 07:45:19,XAUUSD,ZONE_ALERT,Trend-Breakout,SELL,4144.15,61.89%,38.11%,BEARISH (-0.83%),None,WAIT_AI_CONFIRM,Breakout Support | AI DOWN 38.1% < 50.0%
2026-10-01 07:48:21,XAUUSD,ZONE_ALERT,[TREND-BREAK SELL] Wait AI confirm,SELL,4143.93,60.31%,39.69%,BEARISH (-0.83%),None,WAIT_AI_CONFIRM,XAUUSD in zone: [TREND-BREAK SELL] Wait AI confirm
2026-10-01 07:48:21,XAUUSD,ZONE_ALERT,Trend-Breakout,SELL,4143.93,60.31%,39.69%,BEARISH (-0.83%),None,WAIT_AI_CONFIRM,Breakout Support | AI DOWN 39.7% < 50.0%
2026-10-01 07:51:23,XAUUSD,ZONE_ALERT,[TREND-BREAK SELL] Wait AI confirm,SELL,4142.56,60.04%,39.96%,BEARISH (-0.83%),None,WAIT_AI_CONFIRM,XAUUSD in zone: [TREND-BREAK SELL] Wait AI confirm
2026-10-01 07:51:24,XAUUSD,ZONE_ALERT,Trend-Breakout,SELL,4142.56,60.04%,39.96%,BEARISH (-0.83%),None,WAIT_AI_CONFIRM,Breakout Support | AI DOWN 40.0% < 50.0%
2026-10-01 07:54:26,XAUUSD,ZONE_ALERT,[TREND-BREAK SELL] Wait AI confirm,SELL,4140.74,60.02%,39.98%,BEARISH (-0.84%),None,WAIT_AI_CONFIRM,XAUUSD in zone: [TREND-BREAK SELL] Wait AI confirm
2026-10-01 07:54:26,XAUUSD,ZONE_ALERT,Trend-Breakout,SELL,4140.74,60.02%,39.98%,BEARISH (-0.84%),None,WAIT_AI_CONFIRM,Breakout Support | AI DOWN 40.0% < 50.0%
2026-10-01 14:25:29,BTCUSD,ZONE_ALERT,[SR-BOUNCE BUY] Support,BUY,83445.20,57.90%,42.10%,SIDEWAY (-0.11%),None,WAIT_AI_CONFIRM,BTCUSD in zone: [SR-BOUNCE BUY] Support
2026-10-01 14:25:30,BTCUSD,ENTRY_SIGNAL,SR-SwingBounce,BUY,83448.65,57.90%,42.10%,SIDEWAY (-0.11%),None,ORDER_SENT,Lot 0.01 | SL: 83340.10 | TP: 83665.75 (SIDEWAY REGIME [~] (Range Play Approved))
2026-10-01 14:26:30,BTCUSD,ZONE_ALERT,[SMC-HUNT BUY] Swept,BUY,83378.50,57.64%,42.36%,SIDEWAY (-0.12%),None,WAIT_AI_CONFIRM,BTCUSD in zone: [SMC-HUNT BUY] Swept
2026-10-01 14:26:31,BTCUSD,RISK_BLOCKED,[SMC-HUNT BUY] Swept,N/A,83378.50,57.64%,42.36%,SIDEWAY (-0.12%),None,COOLDOWN,Waiting 14:39m before next trade (Loss streak: 0)
2026-10-01 14:59:10,BTCUSD,ZONE_ALERT,[SR-BOUNCE BUY] Support,BUY,83412.50,56.44%,43.56%,SIDEWAY (-0.12%),None,WAIT_AI_CONFIRM,BTCUSD in zone: [SR-BOUNCE BUY] Support
2026-10-01 14:59:10,BTCUSD,ENTRY_SIGNAL,SR-SwingBounce,BUY,83432.15,56.44%,43.56%,SIDEWAY (-0.12%),None,ORDER_SENT,Lot 0.01 | SL: 83315.31 | TP: 83665.83 (SIDEWAY REGIME [~] (Range Play Approved))
2026-10-01 15:09:57,BTCUSD,ZONE_ALERT,[SR-BOUNCE BUY] Support,BUY,83343.50,56.37%,43.63%,SIDEWAY (-0.12%),H-BULL ^,WAIT_AI_CONFIRM,BTCUSD in zone: [SR-BOUNCE BUY] Support
2026-10-01 15:09:57,BTCUSD,RISK_BLOCKED,[SR-BOUNCE BUY] Support,N/A,83343.50,56.37%,43.63%,SIDEWAY (-0.12%),H-BULL ^,COOLDOWN,Waiting 13:59m before next trade (Loss streak: 0)
2026-10-01 15:13:20,BTCUSD,ZONE_ALERT,[SR-BOUNCE BUY] Support,BUY,83346.90,56.14%,43.86%,SIDEWAY (-0.12%),H-BULL ^,WAIT_AI_CONFIRM,BTCUSD in zone: [SR-BOUNCE BUY] Support
2026-10-01 15:13:20,BTCUSD,RISK_BLOCKED,[SR-BOUNCE BUY] Support,N/A,83346.90,56.14%,43.86%,SIDEWAY (-0.12%),H-BULL ^,COOLDOWN,Waiting 10:36m before next trade (Loss streak: 0)
2026-10-01 15:31:10,BTCUSD,ZONE_ALERT,[SR-BOUNCE BUY] Support,BUY,83340.70,57.90%,42.10%,SIDEWAY (-0.12%),H-BULL ^,WAIT_AI_CONFIRM,BTCUSD in zone: [SR-BOUNCE BUY] Support
2026-10-01 15:31:11,BTCUSD,ENTRY_SIGNAL,SR-SwingBounce+Div,BUY,83360.35,57.90%,42.10%,SIDEWAY (-0.12%),H-BULL ^,ORDER_SENT,Lot 0.01 | SL: 83253.00 | TP: 83575.05 (SIDEWAY REGIME [~] (Range Play Approved))
2026-10-01 15:32:32,BTCUSD,ZONE_ALERT,[TREND-BREAK SELL] Wait AI confirm,SELL,83211.40,54.72%,45.28%,SIDEWAY (-0.13%),None,WAIT_AI_CONFIRM,BTCUSD in zone: [TREND-BREAK SELL] Wait AI confirm
2026-10-01 15:32:32,BTCUSD,RISK_BLOCKED,[TREND-BREAK SELL] Wait AI confirm,N/A,83211.40,54.72%,45.28%,SIDEWAY (-0.13%),None,COOLDOWN,Waiting 14:19m before next trade (Loss streak: 0)
2026-10-01 15:35:34,BTCUSD,ZONE_ALERT,[TREND-BREAK SELL] Wait AI confirm,SELL,83132.80,57.21%,42.79%,SIDEWAY (-0.14%),None,WAIT_AI_CONFIRM,BTCUSD in zone: [TREND-BREAK SELL] Wait AI confirm
2026-10-01 15:35:35,BTCUSD,RISK_BLOCKED,[TREND-BREAK SELL] Wait AI confirm,N/A,83132.80,57.21%,42.79%,SIDEWAY (-0.14%),None,COOLDOWN,Waiting 11:17m before next trade (Loss streak: 0)
2026-10-01 15:36:15,BTCUSD,ZONE_ALERT,[SMC-HUNT BUY] Swept,BUY,83287.10,55.64%,44.36%,SIDEWAY (-0.13%),None,WAIT_AI_CONFIRM,BTCUSD in zone: [SMC-HUNT BUY] Swept
2026-10-01 15:36:15,BTCUSD,RISK_BLOCKED,[SMC-HUNT BUY] Swept,N/A,83287.10,55.64%,44.36%,SIDEWAY (-0.13%),None,COOLDOWN,Waiting 10:36m before next trade (Loss streak: 0)
2026-10-01 15:39:18,BTCUSD,ZONE_ALERT,[SMC-HUNT BUY] Swept,BUY,83383.80,54.39%,45.61%,SIDEWAY (-0.12%),None,WAIT_AI_CONFIRM,BTCUSD in zone: [SMC-HUNT BUY] Swept
2026-10-01 15:39:18,BTCUSD,RISK_BLOCKED,[SMC-HUNT BUY] Swept,N/A,83383.80,54.39%,45.61%,SIDEWAY (-0.12%),None,COOLDOWN,Waiting 07:34m before next trade (Loss streak: 0)
2026-10-01 15:42:20,BTCUSD,ZONE_ALERT,[SMC-HUNT BUY] Swept,BUY,83467.30,48.94%,51.06%,SIDEWAY (-0.11%),None,WAIT_AI_CONFIRM,BTCUSD in zone: [SMC-HUNT BUY] Swept
2026-10-01 15:42:20,BTCUSD,RISK_BLOCKED,[SMC-HUNT BUY] Swept,N/A,83467.30,48.94%,51.06%,SIDEWAY (-0.11%),None,COOLDOWN,Waiting 04:31m before next trade (Loss streak: 0)
2026-10-01 19:46:15,XAUUSD,ZONE_ALERT,[SR-BOUNCE SELL] + Bear Div,SELL,4185.97,50.50%,49.50%,BEARISH (-0.48%),BEAR DIV v,WAIT_AI_CONFIRM,XAUUSD in zone: [SR-BOUNCE SELL] + Bear Div
2026-10-01 19:46:16,XAUUSD,ZONE_ALERT,SR-SwingBounce+Div,SELL,4185.97,50.50%,49.50%,BEARISH (-0.48%),BEAR DIV v,WAIT_AI_CONFIRM,Bounce Resistance H1 | AI DOWN 49.5% < 52.0%
2026-10-01 19:47:17,XAUUSD,ZONE_ALERT,[SR-BOUNCE SELL] Resistance,SELL,4185.89,52.03%,47.97%,BEARISH (-0.48%),None,WAIT_AI_CONFIRM,XAUUSD in zone: [SR-BOUNCE SELL] Resistance
2026-10-01 19:47:17,XAUUSD,ZONE_ALERT,SR-SwingBounce,SELL,4185.89,52.03%,47.97%,BEARISH (-0.48%),None,WAIT_AI_CONFIRM,Bounce Resistance H1 | AI DOWN 48.0% < 55.0%
2026-10-01 21:27:01,BTCUSD,ZONE_ALERT,[SR-BOUNCE SELL] + Bear Div,SELL,84154.50,45.50%,54.50%,SIDEWAY (+0.00%),BEAR DIV v,WAIT_AI_CONFIRM,BTCUSD in zone: [SR-BOUNCE SELL] + Bear Div
2026-10-01 21:27:02,BTCUSD,ENTRY_SIGNAL,SR-SwingBounce+Div,SELL,84154.50,45.50%,54.50%,SIDEWAY (+0.00%),BEAR DIV v,ORDER_SENT,Lot 0.01 | SL: 84285.21 | TP: 83893.08 (SIDEWAY REGIME [~] (Range Play Approved))
2026-10-01 21:31:05,BTCUSD,ZONE_ALERT,[SR-BOUNCE SELL] + Bear Div,SELL,84163.70,46.05%,53.95%,SIDEWAY (+0.00%),BEAR DIV v,WAIT_AI_CONFIRM,BTCUSD in zone: [SR-BOUNCE SELL] + Bear Div
2026-10-01 21:34:47,BTCUSD,ZONE_ALERT,[SR-BOUNCE SELL] + Bear Div,SELL,84124.90,47.17%,52.83%,SIDEWAY (+0.00%),BEAR DIV v,WAIT_AI_CONFIRM,BTCUSD in zone: [SR-BOUNCE SELL] + Bear Div
2026-10-01 21:36:49,BTCUSD,RISK_BLOCKED,[SR-BOUNCE SELL] + Bear Div,N/A,84262.90,45.74%,54.26%,SIDEWAY (+0.01%),BEAR DIV v,COOLDOWN,Waiting 14:59m before next trade (Loss streak: 0)
2026-10-01 21:37:50,BTCUSD,ZONE_ALERT,[SR-BOUNCE SELL] + Bear Div,SELL,84250.30,46.22%,53.78%,SIDEWAY (+0.01%),BEAR DIV v,WAIT_AI_CONFIRM,BTCUSD in zone: [SR-BOUNCE SELL] + Bear Div
2026-10-01 21:39:51,BTCUSD,RISK_BLOCKED,[SR-BOUNCE SELL] + Bear Div,N/A,84189.40,46.50%,53.50%,SIDEWAY (+0.01%),BEAR DIV v,COOLDOWN,Waiting 11:57m before next trade (Loss streak: 0)
2026-10-01 22:05:48,BTCUSD,ZONE_ALERT,[SR-BOUNCE SELL] Resistance,SELL,84169.70,47.26%,52.74%,SIDEWAY (+0.00%),None,WAIT_AI_CONFIRM,BTCUSD in zone: [SR-BOUNCE SELL] Resistance
2026-10-01 22:05:48,BTCUSD,ZONE_ALERT,SR-SwingBounce,SELL,84169.70,47.26%,52.74%,SIDEWAY (+0.00%),None,WAIT_AI_CONFIRM,Bounce Resistance H1 | AI DOWN 52.7% < 55.0%
2026-10-01 22:24:00,BTCUSD,ZONE_ALERT,[SR-BOUNCE SELL] Resistance,SELL,84132.20,47.70%,52.30%,SIDEWAY (+0.00%),None,WAIT_AI_CONFIRM,BTCUSD in zone: [SR-BOUNCE SELL] Resistance
2026-10-01 22:24:00,BTCUSD,ZONE_ALERT,SR-SwingBounce,SELL,84132.20,47.70%,52.30%,SIDEWAY (+0.00%),None,WAIT_AI_CONFIRM,Bounce Resistance H1 | AI DOWN 52.3% < 55.0%
2026-10-01 22:27:02,BTCUSD,ZONE_ALERT,[SR-BOUNCE SELL] Resistance,SELL,84132.30,47.70%,52.30%,SIDEWAY (+0.00%),None,WAIT_AI_CONFIRM,BTCUSD in zone: [SR-BOUNCE SELL] Resistance
2026-10-01 22:27:02,BTCUSD,ZONE_ALERT,SR-SwingBounce,SELL,84132.30,47.70%,52.30%,SIDEWAY (+0.00%),None,WAIT_AI_CONFIRM,Bounce Resistance H1 | AI DOWN 52.3% < 55.0%
2026-10-01 22:50:17,BTCUSD,ZONE_ALERT,[SR-BOUNCE SELL] Resistance,SELL,84148.60,45.43%,54.57%,SIDEWAY (+0.00%),H-BEAR v,WAIT_AI_CONFIRM,BTCUSD in zone: [SR-BOUNCE SELL] Resistance
2026-10-01 22:50:18,BTCUSD,ENTRY_SIGNAL,SR-SwingBounce+Div,SELL,84148.60,45.43%,54.57%,SIDEWAY (+0.00%),H-BEAR v,ORDER_SENT,Lot 0.01 | SL: 84325.26 | TP: 83795.28 (SIDEWAY REGIME [~] (Range Play Approved))
2026-10-01 22:53:20,BTCUSD,ZONE_ALERT,[SR-BOUNCE SELL] Resistance,SELL,84071.80,47.61%,52.39%,SIDEWAY (-0.00%),None,WAIT_AI_CONFIRM,BTCUSD in zone: [SR-BOUNCE SELL] Resistance
2026-10-01 22:53:41,BTCUSD,ZONE_ALERT,[SR-BOUNCE SELL] Resistance,SELL,84083.40,46.58%,53.42%,SIDEWAY (-0.00%),H-BEAR v,WAIT_AI_CONFIRM,BTCUSD in zone: [SR-BOUNCE SELL] Resistance
2026-10-01 22:54:01,BTCUSD,ZONE_ALERT,[SR-BOUNCE SELL] Resistance,SELL,84061.20,47.23%,52.77%,SIDEWAY (-0.00%),None,WAIT_AI_CONFIRM,BTCUSD in zone: [SR-BOUNCE SELL] Resistance
2026-10-01 22:54:21,BTCUSD,ZONE_ALERT,[SR-BOUNCE SELL] Resistance,SELL,84087.60,45.72%,54.28%,SIDEWAY (-0.00%),H-BEAR v,WAIT_AI_CONFIRM,BTCUSD in zone: [SR-BOUNCE SELL] Resistance
2026-10-01 22:55:22,BTCUSD,ZONE_ALERT,[SR-BOUNCE SELL] Resistance,SELL,84074.10,47.61%,52.39%,SIDEWAY (-0.00%),None,WAIT_AI_CONFIRM,BTCUSD in zone: [SR-BOUNCE SELL] Resistance
2026-10-01 22:55:43,BTCUSD,ZONE_ALERT,[SR-BOUNCE SELL] Resistance,SELL,84089.40,45.72%,54.28%,SIDEWAY (-0.00%),H-BEAR v,WAIT_AI_CONFIRM,BTCUSD in zone: [SR-BOUNCE SELL] Resistance
2026-10-01 22:56:03,BTCUSD,ZONE_ALERT,[SR-BOUNCE SELL] Resistance,SELL,84079.00,47.45%,52.55%,SIDEWAY (-0.00%),None,WAIT_AI_CONFIRM,BTCUSD in zone: [SR-BOUNCE SELL] Resistance
2026-10-01 22:56:44,BTCUSD,ZONE_ALERT,[SR-BOUNCE SELL] Resistance,SELL,84103.10,45.45%,54.55%,SIDEWAY (-0.00%),H-BEAR v,WAIT_AI_CONFIRM,BTCUSD in zone: [SR-BOUNCE SELL] Resistance
2026-10-01 22:58:45,BTCUSD,ZONE_ALERT,[SR-BOUNCE SELL] Resistance,SELL,84075.30,47.45%,52.55%,SIDEWAY (-0.00%),None,WAIT_AI_CONFIRM,BTCUSD in zone: [SR-BOUNCE SELL] Resistance
2026-10-01 22:59:46,BTCUSD,ZONE_ALERT,[SR-BOUNCE SELL] Resistance,SELL,84100.20,45.45%,54.55%,SIDEWAY (-0.00%),H-BEAR v,WAIT_AI_CONFIRM,BTCUSD in zone: [SR-BOUNCE SELL] Resistance
2026-10-01 23:09:12,BTCUSD,ZONE_ALERT,[SR-BOUNCE SELL] Resistance,SELL,84168.30,47.44%,52.56%,SIDEWAY (+0.00%),H-BEAR v,WAIT_AI_CONFIRM,BTCUSD in zone: [SR-BOUNCE SELL] Resistance
2026-10-01 23:12:14,BTCUSD,ZONE_ALERT,[SR-BOUNCE SELL] Resistance,SELL,84115.70,48.91%,51.09%,SIDEWAY (+0.00%),H-BEAR v,WAIT_AI_CONFIRM,BTCUSD in zone: [SR-BOUNCE SELL] Resistance
2026-10-01 23:15:37,BTCUSD,ZONE_ALERT,[SMC-HUNT SELL] Swept,SELL,84311.60,46.32%,53.68%,SIDEWAY (+0.02%),None,WAIT_AI_CONFIRM,BTCUSD in zone: [SMC-HUNT SELL] Swept
2026-10-01 23:15:37,BTCUSD,RISK_BLOCKED,[SMC-HUNT SELL] Swept,N/A,84311.60,46.32%,53.68%,SIDEWAY (+0.02%),None,COOLDOWN,Waiting 14:39m before next trade (Loss streak: 0)
2026-10-01 23:18:39,BTCUSD,ZONE_ALERT,[SMC-HUNT SELL] Swept,SELL,84299.00,48.55%,51.45%,SIDEWAY (+0.01%),None,WAIT_AI_CONFIRM,BTCUSD in zone: [SMC-HUNT SELL] Swept
2026-10-01 23:18:39,BTCUSD,RISK_BLOCKED,[SMC-HUNT SELL] Swept,N/A,84299.00,48.55%,51.45%,SIDEWAY (+0.01%),None,COOLDOWN,Waiting 11:37m before next trade (Loss streak: 0)
2026-10-01 23:21:42,BTCUSD,ZONE_ALERT,[SMC-HUNT SELL] Swept,SELL,84282.20,47.94%,52.06%,SIDEWAY (+0.01%),None,WAIT_AI_CONFIRM,BTCUSD in zone: [SMC-HUNT SELL] Swept
2026-10-01 23:21:42,BTCUSD,RISK_BLOCKED,[SMC-HUNT SELL] Swept,N/A,84282.20,47.94%,52.06%,SIDEWAY (+0.01%),None,COOLDOWN,Waiting 08:34m before next trade (Loss streak: 0)
2026-10-01 23:25:04,BTCUSD,ZONE_ALERT,[SMC-HUNT SELL] Swept,SELL,84302.10,48.25%,51.75%,SIDEWAY (+0.01%),None,WAIT_AI_CONFIRM,BTCUSD in zone: [SMC-HUNT SELL] Swept
2026-10-01 23:25:05,BTCUSD,RISK_BLOCKED,[SMC-HUNT SELL] Swept,N/A,84302.10,48.25%,51.75%,SIDEWAY (+0.01%),None,COOLDOWN,Waiting 05:12m before next trade (Loss streak: 0)
2026-10-01 23:28:07,BTCUSD,ZONE_ALERT,[SMC-HUNT SELL] Swept,SELL,84251.40,48.19%,51.81%,SIDEWAY (+0.01%),None,WAIT_AI_CONFIRM,BTCUSD in zone: [SMC-HUNT SELL] Swept
2026-10-01 23:28:07,BTCUSD,RISK_BLOCKED,[SMC-HUNT SELL] Swept,N/A,84251.40,48.19%,51.81%,SIDEWAY (+0.01%),None,COOLDOWN,Waiting 02:09m before next trade (Loss streak: 0)
2026-10-01 23:33:51,BTCUSD,ZONE_ALERT,[TREND-BREAK BUY] Wait AI confirm,BUY,84461.50,43.56%,56.44%,SIDEWAY (+0.03%),None,WAIT_AI_CONFIRM,BTCUSD in zone: [TREND-BREAK BUY] Wait AI confirm
2026-10-01 23:33:51,BTCUSD,RISK_BLOCKED,Trend-Breakout,BUY,84461.50,43.56%,56.44%,SIDEWAY (+0.03%),None,SIDEWAY_GUARD,False Breakout Guard in Sideway (AI UP 43.6% < 58%)
2026-10-01 23:37:34,BTCUSD,ZONE_ALERT,[SMC-HUNT SELL] Swept,SELL,84360.50,45.05%,54.95%,SIDEWAY (+0.02%),None,WAIT_AI_CONFIRM,BTCUSD in zone: [SMC-HUNT SELL] Swept
2026-10-01 23:37:34,BTCUSD,ENTRY_SIGNAL,SMC-LiquidityHunt,SELL,84360.50,45.05%,54.95%,SIDEWAY (+0.02%),None,ORDER_SENT,Lot 0.01 | SL: 84535.22 | TP: 84011.06 (SIDEWAY REGIME [~] (Range Play Approved))
2026-10-01 23:40:36,BTCUSD,ZONE_ALERT,[SMC-HUNT SELL] Swept,SELL,84212.30,49.68%,50.32%,SIDEWAY (+0.01%),None,WAIT_AI_CONFIRM,BTCUSD in zone: [SMC-HUNT SELL] Swept
2026-10-01 23:43:39,BTCUSD,ZONE_ALERT,[SMC-HUNT SELL] Swept,SELL,84279.80,46.45%,53.55%,SIDEWAY (+0.01%),None,WAIT_AI_CONFIRM,BTCUSD in zone: [SMC-HUNT SELL] Swept
2026-10-01 23:47:23,BTCUSD,ZONE_ALERT,[SMC-HUNT SELL] Swept,SELL,84305.50,45.73%,54.27%,SIDEWAY (+0.02%),None,WAIT_AI_CONFIRM,BTCUSD in zone: [SMC-HUNT SELL] Swept
2026-10-01 23:50:25,BTCUSD,ZONE_ALERT,[SR-BOUNCE SELL] Resistance,SELL,84171.70,46.69%,53.31%,SIDEWAY (+0.00%),None,WAIT_AI_CONFIRM,BTCUSD in zone: [SR-BOUNCE SELL] Resistance
2026-10-01 23:53:27,BTCUSD,ZONE_ALERT,[SR-BOUNCE SELL] Resistance,SELL,84169.40,47.44%,52.56%,SIDEWAY (+0.00%),None,WAIT_AI_CONFIRM,BTCUSD in zone: [SR-BOUNCE SELL] Resistance
2026-10-01 23:56:30,BTCUSD,ZONE_ALERT,[SR-BOUNCE SELL] Resistance,SELL,84101.80,49.41%,50.59%,SIDEWAY (-0.00%),None,WAIT_AI_CONFIRM,BTCUSD in zone: [SR-BOUNCE SELL] Resistance
2026-10-01 23:59:32,BTCUSD,ZONE_ALERT,[SR-BOUNCE SELL] Resistance,SELL,84148.50,47.72%,52.28%,SIDEWAY (+0.00%),None,WAIT_AI_CONFIRM,BTCUSD in zone: [SR-BOUNCE SELL] Resistance
2026-10-02 00:08:58,BTCUSD,ZONE_ALERT,[SR-BOUNCE SELL] Resistance,SELL,84369.40,46.23%,53.77%,SIDEWAY (+0.13%),None,WAIT_AI_CONFIRM,BTCUSD in zone: [SR-BOUNCE SELL] Resistance
2026-10-02 00:17:44,BTCUSD,ZONE_ALERT,[TREND-BREAK BUY] Wait AI confirm,BUY,84679.20,42.83%,57.17%,SIDEWAY (+0.16%),BEAR DIV v,WAIT_AI_CONFIRM,BTCUSD in zone: [TREND-BREAK BUY] Wait AI confirm
2026-10-02 00:17:45,BTCUSD,RISK_BLOCKED,[TREND-BREAK BUY] Wait AI confirm,N/A,84679.20,42.83%,57.17%,SIDEWAY (+0.16%),BEAR DIV v,COOLDOWN,Waiting 13:59m before next trade (Loss streak: 0)
2026-10-02 00:19:06,BTCUSD,ZONE_ALERT,[SMC-HUNT SELL + BEAR DIV],SELL,84600.40,42.87%,57.13%,SIDEWAY (+0.15%),BEAR DIV v,WAIT_AI_CONFIRM,BTCUSD in zone: [SMC-HUNT SELL + BEAR DIV]
2026-10-02 00:19:06,BTCUSD,RISK_BLOCKED,[SMC-HUNT SELL + BEAR DIV],N/A,84600.40,42.87%,57.13%,SIDEWAY (+0.15%),BEAR DIV v,COOLDOWN,Waiting 12:37m before next trade (Loss streak: 0)
2026-10-02 00:20:47,BTCUSD,ZONE_ALERT,[TREND-BREAK BUY] Wait AI confirm,BUY,84760.20,40.74%,59.26%,SIDEWAY (+0.16%),BEAR DIV v,WAIT_AI_CONFIRM,BTCUSD in zone: [TREND-BREAK BUY] Wait AI confirm
2026-10-02 00:20:47,BTCUSD,RISK_BLOCKED,[TREND-BREAK BUY] Wait AI confirm,N/A,84760.20,40.74%,59.26%,SIDEWAY (+0.16%),BEAR DIV v,COOLDOWN,Waiting 10:56m before next trade (Loss streak: 0)
2026-10-02 00:22:09,BTCUSD,ZONE_ALERT,[TREND-BREAK BUY] Wait AI confirm,BUY,84770.00,41.26%,58.74%,SIDEWAY (+0.16%),None,WAIT_AI_CONFIRM,BTCUSD in zone: [TREND-BREAK BUY] Wait AI confirm
2026-10-02 00:22:09,BTCUSD,RISK_BLOCKED,[TREND-BREAK BUY] Wait AI confirm,N/A,84770.00,41.26%,58.74%,SIDEWAY (+0.16%),None,COOLDOWN,Waiting 09:34m before next trade (Loss streak: 0)
2026-10-02 00:22:29,BTCUSD,ZONE_ALERT,[TREND-BREAK BUY] Wait AI confirm,BUY,84756.60,41.01%,58.99%,SIDEWAY (+0.16%),BEAR DIV v,WAIT_AI_CONFIRM,BTCUSD in zone: [TREND-BREAK BUY] Wait AI confirm
2026-10-02 00:22:29,BTCUSD,RISK_BLOCKED,[TREND-BREAK BUY] Wait AI confirm,N/A,84756.60,41.01%,58.99%,SIDEWAY (+0.16%),BEAR DIV v,COOLDOWN,Waiting 09:14m before next trade (Loss streak: 0)
2026-10-02 00:25:32,BTCUSD,ZONE_ALERT,[TREND-BREAK BUY] Wait AI confirm,BUY,84739.40,41.45%,58.55%,SIDEWAY (+0.16%),BEAR DIV v,WAIT_AI_CONFIRM,BTCUSD in zone: [TREND-BREAK BUY] Wait AI confirm
2026-10-02 00:25:32,BTCUSD,RISK_BLOCKED,[TREND-BREAK BUY] Wait AI confirm,N/A,84739.40,41.45%,58.55%,SIDEWAY (+0.16%),BEAR DIV v,COOLDOWN,Waiting 06:11m before next trade (Loss streak: 0)
2026-10-02 00:26:12,BTCUSD,ZONE_ALERT,[TREND-BREAK BUY] Wait AI confirm,BUY,84810.40,40.30%,59.70%,SIDEWAY (+0.17%),None,WAIT_AI_CONFIRM,BTCUSD in zone: [TREND-BREAK BUY] Wait AI confirm
2026-10-02 00:26:13,BTCUSD,RISK_BLOCKED,[TREND-BREAK BUY] Wait AI confirm,N/A,84810.40,40.30%,59.70%,SIDEWAY (+0.17%),None,COOLDOWN,Waiting 05:31m before next trade (Loss streak: 0)
2026-10-02 00:26:33,BTCUSD,ZONE_ALERT,[TREND-BREAK BUY] Wait AI confirm,BUY,84765.40,41.47%,58.53%,SIDEWAY (+0.16%),BEAR DIV v,WAIT_AI_CONFIRM,BTCUSD in zone: [TREND-BREAK BUY] Wait AI confirm
2026-10-02 00:26:33,BTCUSD,RISK_BLOCKED,[TREND-BREAK BUY] Wait AI confirm,N/A,84765.40,41.47%,58.53%,SIDEWAY (+0.16%),BEAR DIV v,COOLDOWN,Waiting 05:10m before next trade (Loss streak: 0)
2026-10-02 00:27:34,BTCUSD,ZONE_ALERT,[TREND-BREAK BUY] Wait AI confirm,BUY,84778.90,42.58%,57.42%,SIDEWAY (+0.16%),None,WAIT_AI_CONFIRM,BTCUSD in zone: [TREND-BREAK BUY] Wait AI confirm
2026-10-02 00:27:34,BTCUSD,RISK_BLOCKED,[TREND-BREAK BUY] Wait AI confirm,N/A,84778.90,42.58%,57.42%,SIDEWAY (+0.16%),None,COOLDOWN,Waiting 04:09m before next trade (Loss streak: 0)
2026-10-02 00:30:36,BTCUSD,ZONE_ALERT,[TREND-BREAK BUY] Wait AI confirm,BUY,84997.20,40.82%,59.18%,SIDEWAY (+0.18%),None,WAIT_AI_CONFIRM,BTCUSD in zone: [TREND-BREAK BUY] Wait AI confirm
2026-10-02 00:30:37,BTCUSD,RISK_BLOCKED,[TREND-BREAK BUY] Wait AI confirm,N/A,84997.20,40.82%,59.18%,SIDEWAY (+0.18%),None,COOLDOWN,Waiting 01:07m before next trade (Loss streak: 0)
2026-10-02 00:31:58,BTCUSD,RISK_BLOCKED,Trend-Breakout,BUY,84904.70,43.38%,56.62%,SIDEWAY (+0.17%),None,SIDEWAY_GUARD,False Breakout Guard in Sideway (AI UP 43.4% < 58%)
2026-10-02 00:38:02,BTCUSD,ZONE_ALERT,[TREND-BREAK BUY] Wait AI confirm,BUY,84918.80,42.25%,57.75%,SIDEWAY (+0.17%),None,WAIT_AI_CONFIRM,BTCUSD in zone: [TREND-BREAK BUY] Wait AI confirm
2026-10-02 00:38:02,BTCUSD,RISK_BLOCKED,Trend-Breakout,BUY,84918.80,42.25%,57.75%,SIDEWAY (+0.17%),None,SIDEWAY_GUARD,False Breakout Guard in Sideway (AI UP 42.3% < 58%)
2026-10-02 00:41:04,BTCUSD,ZONE_ALERT,[TREND-BREAK BUY] Wait AI confirm,BUY,84957.20,42.34%,57.66%,SIDEWAY (+0.18%),None,WAIT_AI_CONFIRM,BTCUSD in zone: [TREND-BREAK BUY] Wait AI confirm
2026-10-02 00:41:04,BTCUSD,RISK_BLOCKED,Trend-Breakout,BUY,84957.20,42.34%,57.66%,SIDEWAY (+0.18%),None,SIDEWAY_GUARD,False Breakout Guard in Sideway (AI UP 42.3% < 58%)
2026-10-02 00:44:06,BTCUSD,ZONE_ALERT,[TREND-BREAK BUY] Wait AI confirm,BUY,84984.20,41.76%,58.24%,SIDEWAY (+0.18%),None,WAIT_AI_CONFIRM,BTCUSD in zone: [TREND-BREAK BUY] Wait AI confirm
2026-10-02 00:44:07,BTCUSD,RISK_BLOCKED,Trend-Breakout,BUY,84984.20,41.76%,58.24%,SIDEWAY (+0.18%),None,SIDEWAY_GUARD,False Breakout Guard in Sideway (AI UP 41.8% < 58%)
2026-10-02 00:47:09,BTCUSD,ZONE_ALERT,[TREND-BREAK BUY] Wait AI confirm,BUY,85036.70,43.25%,56.75%,SIDEWAY (+0.18%),None,WAIT_AI_CONFIRM,BTCUSD in zone: [TREND-BREAK BUY] Wait AI confirm
2026-10-02 00:47:09,BTCUSD,RISK_BLOCKED,Trend-Breakout,BUY,85036.70,43.25%,56.75%,SIDEWAY (+0.18%),None,SIDEWAY_GUARD,False Breakout Guard in Sideway (AI UP 43.2% < 58%)
2026-10-02 00:50:11,BTCUSD,ZONE_ALERT,[TREND-BREAK BUY] Wait AI confirm,BUY,84995.70,43.38%,56.62%,SIDEWAY (+0.18%),None,WAIT_AI_CONFIRM,BTCUSD in zone: [TREND-BREAK BUY] Wait AI confirm
2026-10-02 00:50:12,BTCUSD,RISK_BLOCKED,Trend-Breakout,BUY,84995.70,43.38%,56.62%,SIDEWAY (+0.18%),None,SIDEWAY_GUARD,False Breakout Guard in Sideway (AI UP 43.4% < 58%)
2026-10-02 00:53:14,BTCUSD,ZONE_ALERT,[TREND-BREAK BUY] Wait AI confirm,BUY,84987.60,43.65%,56.35%,SIDEWAY (+0.18%),None,WAIT_AI_CONFIRM,BTCUSD in zone: [TREND-BREAK BUY] Wait AI confirm
2026-10-02 00:53:14,BTCUSD,RISK_BLOCKED,Trend-Breakout,BUY,84987.60,43.65%,56.35%,SIDEWAY (+0.18%),None,SIDEWAY_GUARD,False Breakout Guard in Sideway (AI UP 43.7% < 58%)
2026-10-02 00:54:35,BTCUSD,ZONE_ALERT,[TREND-BREAK BUY] Wait AI confirm,BUY,84872.30,42.63%,57.37%,SIDEWAY (+0.17%),BEAR DIV v,WAIT_AI_CONFIRM,BTCUSD in zone: [TREND-BREAK BUY] Wait AI confirm
2026-10-02 00:54:35,BTCUSD,RISK_BLOCKED,Trend-Breakout,BUY,84872.30,42.63%,57.37%,SIDEWAY (+0.17%),BEAR DIV v,SIDEWAY_GUARD,False Breakout Guard in Sideway (AI UP 42.6% < 58%)
2026-10-02 00:56:37,BTCUSD,ZONE_ALERT,[TREND-BREAK BUY] Wait AI confirm,BUY,84900.40,42.69%,57.31%,SIDEWAY (+0.17%),None,WAIT_AI_CONFIRM,BTCUSD in zone: [TREND-BREAK BUY] Wait AI confirm
2026-10-02 00:56:37,BTCUSD,RISK_BLOCKED,Trend-Breakout,BUY,84900.40,42.69%,57.31%,SIDEWAY (+0.17%),None,SIDEWAY_GUARD,False Breakout Guard in Sideway (AI UP 42.7% < 58%)
2026-10-02 00:56:57,BTCUSD,ZONE_ALERT,[TREND-BREAK BUY] Wait AI confirm,BUY,84867.20,42.83%,57.17%,SIDEWAY (+0.17%),BEAR DIV v,WAIT_AI_CONFIRM,BTCUSD in zone: [TREND-BREAK BUY] Wait AI confirm
2026-10-02 00:56:57,BTCUSD,RISK_BLOCKED,Trend-Breakout,BUY,84867.20,42.83%,57.17%,SIDEWAY (+0.17%),BEAR DIV v,SIDEWAY_GUARD,False Breakout Guard in Sideway (AI UP 42.8% < 58%)
2026-10-02 01:00:00,BTCUSD,ZONE_ALERT,[SR-BOUNCE SELL] + Bear Div,SELL,84863.80,44.52%,55.48%,SIDEWAY (+0.17%),BEAR DIV v,WAIT_AI_CONFIRM,BTCUSD in zone: [SR-BOUNCE SELL] + Bear Div
2026-10-02 01:00:01,BTCUSD,ENTRY_SIGNAL,SR-SwingBounce+Div,SELL,84863.80,44.52%,55.48%,SIDEWAY (+0.17%),BEAR DIV v,ORDER_SENT,Lot 0.01 | SL: 85019.53 | TP: 84552.34 (SIDEWAY REGIME [~] (Range Play Approved))
2026-10-02 01:08:06,BTCUSD,ZONE_ALERT,[SR-BOUNCE SELL] + Bear Div,SELL,84736.00,47.48%,52.52%,SIDEWAY (+0.16%),BEAR DIV v,WAIT_AI_CONFIRM,BTCUSD in zone: [SR-BOUNCE SELL] + Bear Div
2026-10-02 01:11:08,BTCUSD,ZONE_ALERT,[SR-BOUNCE SELL] + Bear Div,SELL,84839.40,46.99%,53.01%,SIDEWAY (+0.17%),BEAR DIV v,WAIT_AI_CONFIRM,BTCUSD in zone: [SR-BOUNCE SELL] + Bear Div
2026-10-02 01:14:10,BTCUSD,ZONE_ALERT,[SR-BOUNCE SELL] + Bear Div,SELL,84893.10,46.01%,53.99%,SIDEWAY (+0.17%),BEAR DIV v,WAIT_AI_CONFIRM,BTCUSD in zone: [SR-BOUNCE SELL] + Bear Div
2026-10-02 01:17:12,BTCUSD,ZONE_ALERT,[SR-BOUNCE SELL] + Bear Div,SELL,84827.20,47.39%,52.61%,SIDEWAY (+0.17%),BEAR DIV v,WAIT_AI_CONFIRM,BTCUSD in zone: [SR-BOUNCE SELL] + Bear Div
2026-10-02 01:20:15,BTCUSD,ZONE_ALERT,[SR-BOUNCE SELL] + Bear Div,SELL,84789.50,47.82%,52.18%,SIDEWAY (+0.16%),BEAR DIV v,WAIT_AI_CONFIRM,BTCUSD in zone: [SR-BOUNCE SELL] + Bear Div
2026-10-02 01:23:17,BTCUSD,ZONE_ALERT,[SR-BOUNCE SELL] + Bear Div,SELL,84800.30,47.14%,52.86%,SIDEWAY (+0.17%),BEAR DIV v,WAIT_AI_CONFIRM,BTCUSD in zone: [SR-BOUNCE SELL] + Bear Div
2026-10-02 01:26:19,BTCUSD,ZONE_ALERT,[SR-BOUNCE SELL] + Bear Div,SELL,84852.10,47.70%,52.30%,SIDEWAY (+0.17%),BEAR DIV v,WAIT_AI_CONFIRM,BTCUSD in zone: [SR-BOUNCE SELL] + Bear Div
2026-10-02 01:29:21,BTCUSD,ZONE_ALERT,[SR-BOUNCE SELL] + Bear Div,SELL,84789.70,48.65%,51.35%,SIDEWAY (+0.16%),BEAR DIV v,WAIT_AI_CONFIRM,BTCUSD in zone: [SR-BOUNCE SELL] + Bear Div
2026-10-02 01:37:28,BTCUSD,ZONE_ALERT,[SR-BOUNCE SELL] Resistance,SELL,84961.80,46.21%,53.79%,SIDEWAY (+0.18%),H-BEAR v,WAIT_AI_CONFIRM,BTCUSD in zone: [SR-BOUNCE SELL] Resistance
2026-10-02 01:37:28,BTCUSD,RISK_BLOCKED,[SR-BOUNCE SELL] Resistance,N/A,84961.80,46.21%,53.79%,SIDEWAY (+0.18%),H-BEAR v,COOLDOWN,Waiting 12:58m before next trade (Loss streak: 0)
2026-10-02 01:38:49,BTCUSD,ZONE_ALERT,[TREND-BREAK BUY] Wait AI confirm,BUY,85183.80,43.57%,56.43%,SIDEWAY (+0.20%),None,WAIT_AI_CONFIRM,BTCUSD in zone: [TREND-BREAK BUY] Wait AI confirm
2026-10-02 01:38:49,BTCUSD,RISK_BLOCKED,[TREND-BREAK BUY] Wait AI confirm,N/A,85183.80,43.57%,56.43%,SIDEWAY (+0.20%),None,COOLDOWN,Waiting 11:37m before next trade (Loss streak: 0)
2026-10-02 01:40:30,BTCUSD,ZONE_ALERT,[SMC-HUNT SELL] Swept,SELL,85019.30,45.41%,54.59%,SIDEWAY (+0.18%),None,WAIT_AI_CONFIRM,BTCUSD in zone: [SMC-HUNT SELL] Swept
2026-10-02 01:40:30,BTCUSD,RISK_BLOCKED,[SMC-HUNT SELL] Swept,N/A,85019.30,45.41%,54.59%,SIDEWAY (+0.18%),None,COOLDOWN,Waiting 09:56m before next trade (Loss streak: 0)
2026-10-02 01:43:32,BTCUSD,ZONE_ALERT,[SMC-HUNT SELL] Swept,SELL,84902.70,47.67%,52.33%,SIDEWAY (+0.17%),None,WAIT_AI_CONFIRM,BTCUSD in zone: [SMC-HUNT SELL] Swept
2026-10-02 01:43:32,BTCUSD,RISK_BLOCKED,[SMC-HUNT SELL] Swept,N/A,84902.70,47.67%,52.33%,SIDEWAY (+0.17%),None,COOLDOWN,Waiting 06:53m before next trade (Loss streak: 0)
2026-10-02 08:01:19,XAUUSD,ZONE_ALERT,[SR-BOUNCE BUY] Support,BUY,4153.30,51.80%,48.20%,BEARISH (-0.41%),None,WAIT_AI_CONFIRM,XAUUSD in zone: [SR-BOUNCE BUY] Support
2026-10-02 08:01:19,XAUUSD,ZONE_ALERT,SR-SwingBounce,BUY,4153.30,51.80%,48.20%,BEARISH (-0.41%),None,WAIT_AI_CONFIRM,Bounce Support H1 | AI UP 51.8% < 55.0%
2026-10-02 08:05:02,XAUUSD,ZONE_ALERT,[TREND-BREAK SELL] Wait AI confirm,SELL,4147.84,54.98%,45.02%,BEARISH (-0.41%),None,WAIT_AI_CONFIRM,XAUUSD in zone: [TREND-BREAK SELL] Wait AI confirm
2026-10-02 08:05:02,XAUUSD,ZONE_ALERT,Trend-Breakout,SELL,4147.84,54.98%,45.02%,BEARISH (-0.41%),None,WAIT_AI_CONFIRM,Breakout Support | AI DOWN 45.0% < 50.0%
2026-10-02 08:08:24,XAUUSD,ZONE_ALERT,[TREND-BREAK SELL] Wait AI confirm,SELL,4145.95,52.75%,47.25%,BEARISH (-0.42%),None,WAIT_AI_CONFIRM,XAUUSD in zone: [TREND-BREAK SELL] Wait AI confirm
2026-10-02 08:08:24,XAUUSD,ZONE_ALERT,Trend-Breakout,SELL,4145.95,52.75%,47.25%,BEARISH (-0.42%),None,WAIT_AI_CONFIRM,Breakout Support | AI DOWN 47.3% < 50.0%
2026-10-02 08:11:46,XAUUSD,ZONE_ALERT,[TREND-BREAK SELL] Wait AI confirm,SELL,4135.76,52.40%,47.60%,BEARISH (-0.43%),None,WAIT_AI_CONFIRM,XAUUSD in zone: [TREND-BREAK SELL] Wait AI confirm
2026-10-02 08:11:47,XAUUSD,ZONE_ALERT,Trend-Breakout,SELL,4135.76,52.40%,47.60%,BEARISH (-0.43%),None,WAIT_AI_CONFIRM,Breakout Support | AI DOWN 47.6% < 50.0%
2026-10-02 08:15:09,XAUUSD,ZONE_ALERT,[TREND-BREAK SELL] Wait AI confirm,SELL,4140.33,54.87%,45.13%,BEARISH (-0.43%),None,WAIT_AI_CONFIRM,XAUUSD in zone: [TREND-BREAK SELL] Wait AI confirm
2026-10-02 08:15:09,XAUUSD,ZONE_ALERT,Trend-Breakout,SELL,4140.33,54.87%,45.13%,BEARISH (-0.43%),None,WAIT_AI_CONFIRM,Breakout Support | AI DOWN 45.1% < 50.0%
2026-10-02 08:18:11,XAUUSD,ZONE_ALERT,[TREND-BREAK SELL] Wait AI confirm,SELL,4143.03,54.24%,45.76%,BEARISH (-0.42%),None,WAIT_AI_CONFIRM,XAUUSD in zone: [TREND-BREAK SELL] Wait AI confirm
2026-10-02 08:18:11,XAUUSD,ZONE_ALERT,Trend-Breakout,SELL,4143.03,54.24%,45.76%,BEARISH (-0.42%),None,WAIT_AI_CONFIRM,Breakout Support | AI DOWN 45.8% < 50.0%
2026-10-02 08:21:13,XAUUSD,ZONE_ALERT,[TREND-BREAK SELL] Wait AI confirm,SELL,4143.72,54.67%,45.33%,BEARISH (-0.42%),None,WAIT_AI_CONFIRM,XAUUSD in zone: [TREND-BREAK SELL] Wait AI confirm
2026-10-02 08:21:13,XAUUSD,ZONE_ALERT,Trend-Breakout,SELL,4143.72,54.67%,45.33%,BEARISH (-0.42%),None,WAIT_AI_CONFIRM,Breakout Support | AI DOWN 45.3% < 50.0%
2026-10-02 08:24:15,XAUUSD,ZONE_ALERT,[TREND-BREAK SELL] Wait AI confirm,SELL,4144.11,54.42%,45.58%,BEARISH (-0.42%),None,WAIT_AI_CONFIRM,XAUUSD in zone: [TREND-BREAK SELL] Wait AI confirm
2026-10-02 08:24:15,XAUUSD,ZONE_ALERT,Trend-Breakout,SELL,4144.11,54.42%,45.58%,BEARISH (-0.42%),None,WAIT_AI_CONFIRM,Breakout Support | AI DOWN 45.6% < 50.0%
2026-10-02 08:27:17,XAUUSD,ZONE_ALERT,[TREND-BREAK SELL] Wait AI confirm,SELL,4146.69,52.97%,47.03%,BEARISH (-0.42%),None,WAIT_AI_CONFIRM,XAUUSD in zone: [TREND-BREAK SELL] Wait AI confirm
2026-10-02 08:27:17,XAUUSD,ZONE_ALERT,Trend-Breakout,SELL,4146.69,52.97%,47.03%,BEARISH (-0.42%),None,WAIT_AI_CONFIRM,Breakout Support | AI DOWN 47.0% < 50.0%
2026-10-02 08:28:38,XAUUSD,ZONE_ALERT,[TREND-BREAK SELL] Confirmed by AI,SELL,4147.52,49.97%,50.03%,BEARISH (-0.41%),None,WAIT_AI_CONFIRM,XAUUSD in zone: [TREND-BREAK SELL] Confirmed by AI
2026-10-02 08:28:39,XAUUSD,ENTRY_SIGNAL,Trend-Breakout,SELL,4147.72,49.97%,50.03%,BEARISH (-0.41%),None,ORDER_SENT,Lot 0.01 | SL: 4151.31 | TP: 4140.54 (PRO-TREND (H4 Bearish [v]))
2026-10-02 08:29:40,XAUUSD,ZONE_ALERT,[SR-BOUNCE BUY] Support,BUY,4149.06,47.53%,52.47%,BEARISH (-0.41%),None,WAIT_AI_CONFIRM,XAUUSD in zone: [SR-BOUNCE BUY] Support
2026-10-02 08:31:01,XAUUSD,ZONE_ALERT,[TREND-BREAK SELL] Wait AI confirm,SELL,4147.50,50.03%,49.97%,BEARISH (-0.41%),None,WAIT_AI_CONFIRM,XAUUSD in zone: [TREND-BREAK SELL] Wait AI confirm
2026-10-02 08:31:41,XAUUSD,ZONE_ALERT,[TREND-BREAK SELL] Confirmed by AI,SELL,4147.64,48.72%,51.28%,BEARISH (-0.41%),None,WAIT_AI_CONFIRM,XAUUSD in zone: [TREND-BREAK SELL] Confirmed by AI
2026-10-02 08:34:03,XAUUSD,ZONE_ALERT,[SMC-HUNT BUY] Swept,BUY,4149.85,48.19%,51.81%,BEARISH (-0.41%),None,WAIT_AI_CONFIRM,XAUUSD in zone: [SMC-HUNT BUY] Swept
2026-10-02 08:35:04,XAUUSD,ZONE_ALERT,[TREND-BREAK SELL] Confirmed by AI,SELL,4147.04,49.59%,50.41%,BEARISH (-0.42%),None,WAIT_AI_CONFIRM,XAUUSD in zone: [TREND-BREAK SELL] Confirmed by AI
2026-10-02 08:38:06,XAUUSD,ZONE_ALERT,[SMC-HUNT BUY] Swept,BUY,4149.22,49.17%,50.83%,BEARISH (-0.41%),None,WAIT_AI_CONFIRM,XAUUSD in zone: [SMC-HUNT BUY] Swept
2026-10-02 08:40:47,XAUUSD,RISK_BLOCKED,[SMC-HUNT BUY] Swept,N/A,4150.96,48.78%,51.22%,BEARISH (-0.41%),None,COOLDOWN,Waiting 10:00m before next trade (Loss streak: 0)
2026-10-02 08:41:08,XAUUSD,ZONE_ALERT,[SMC-HUNT BUY] Swept,BUY,4151.64,48.79%,51.21%,BEARISH (-0.41%),None,WAIT_AI_CONFIRM,XAUUSD in zone: [SMC-HUNT BUY] Swept
2026-10-02 08:44:10,XAUUSD,ZONE_ALERT,[TREND-BREAK SELL] Wait AI confirm,SELL,4147.18,50.75%,49.25%,BEARISH (-0.41%),None,WAIT_AI_CONFIRM,XAUUSD in zone: [TREND-BREAK SELL] Wait AI confirm
2026-10-02 08:44:10,XAUUSD,RISK_BLOCKED,[TREND-BREAK SELL] Wait AI confirm,N/A,4147.18,50.75%,49.25%,BEARISH (-0.41%),None,COOLDOWN,Waiting 06:37m before next trade (Loss streak: 0)
2026-10-02 08:45:11,XAUUSD,ZONE_ALERT,[SR-BOUNCE BUY] Support,BUY,4149.87,52.07%,47.93%,BEARISH (-0.41%),None,WAIT_AI_CONFIRM,XAUUSD in zone: [SR-BOUNCE BUY] Support
2026-10-02 08:45:11,XAUUSD,RISK_BLOCKED,[SR-BOUNCE BUY] Support,N/A,4149.87,52.07%,47.93%,BEARISH (-0.41%),None,COOLDOWN,Waiting 05:36m before next trade (Loss streak: 0)
2026-10-02 08:47:12,XAUUSD,ZONE_ALERT,[TREND-BREAK SELL] Wait AI confirm,SELL,4147.63,51.95%,48.05%,BEARISH (-0.41%),None,WAIT_AI_CONFIRM,XAUUSD in zone: [TREND-BREAK SELL] Wait AI confirm
2026-10-02 08:47:12,XAUUSD,RISK_BLOCKED,[TREND-BREAK SELL] Wait AI confirm,N/A,4147.63,51.95%,48.05%,BEARISH (-0.41%),None,COOLDOWN,Waiting 03:34m before next trade (Loss streak: 0)
2026-10-02 08:48:13,XAUUSD,ZONE_ALERT,[SMC-HUNT BUY] Swept,BUY,4149.13,50.33%,49.67%,BEARISH (-0.41%),None,WAIT_AI_CONFIRM,XAUUSD in zone: [SMC-HUNT BUY] Swept
2026-10-02 08:48:13,XAUUSD,RISK_BLOCKED,[SMC-HUNT BUY] Swept,N/A,4149.13,50.33%,49.67%,BEARISH (-0.41%),None,COOLDOWN,Waiting 02:34m before next trade (Loss streak: 0)
2026-10-02 08:50:35,XAUUSD,ZONE_ALERT,[TREND-BREAK SELL] Wait AI confirm,SELL,4147.73,51.75%,48.25%,BEARISH (-0.41%),None,WAIT_AI_CONFIRM,XAUUSD in zone: [TREND-BREAK SELL] Wait AI confirm
2026-10-02 08:50:35,XAUUSD,RISK_BLOCKED,[TREND-BREAK SELL] Wait AI confirm,N/A,4147.73,51.75%,48.25%,BEARISH (-0.41%),None,COOLDOWN,Waiting 00:12m before next trade (Loss streak: 0)
2026-10-02 08:50:55,XAUUSD,ZONE_ALERT,Trend-Breakout,SELL,4147.52,52.04%,47.96%,BEARISH (-0.41%),None,WAIT_AI_CONFIRM,Breakout Support | AI DOWN 48.0% < 50.0%
2026-10-02 08:53:37,XAUUSD,ZONE_ALERT,[TREND-BREAK SELL] Wait AI confirm,SELL,4147.82,51.75%,48.25%,BEARISH (-0.41%),None,WAIT_AI_CONFIRM,XAUUSD in zone: [TREND-BREAK SELL] Wait AI confirm
2026-10-02 08:53:57,XAUUSD,ZONE_ALERT,Trend-Breakout,SELL,4147.08,52.14%,47.86%,BEARISH (-0.42%),None,WAIT_AI_CONFIRM,Breakout Support | AI DOWN 47.9% < 50.0%
2026-10-02 08:56:39,XAUUSD,ZONE_ALERT,[SMC-HUNT BUY] Swept,BUY,4149.05,50.28%,49.72%,BEARISH (-0.41%),None,WAIT_AI_CONFIRM,XAUUSD in zone: [SMC-HUNT BUY] Swept
2026-10-02 08:56:39,XAUUSD,H4_FILTERED,SMC-LiquidityHunt,BUY,4149.05,50.28%,49.72%,BEARISH (-0.41%),None,H4_BLOCKED,"COUNTER-H4 BLOCKED (Requires Bull Div or AI UP >= 58%, Current: 50.3%)"
2026-10-02 08:57:19,XAUUSD,ZONE_ALERT,SMC-LiquidityHunt,BUY,4151.23,48.67%,51.33%,BEARISH (-0.41%),None,WAIT_AI_CONFIRM,SMC Sweep Support | AI UP 48.7% < 50.0%
2026-10-02 08:59:41,XAUUSD,ZONE_ALERT,[SMC-HUNT BUY] Swept,BUY,4151.45,49.75%,50.25%,BEARISH (-0.41%),None,WAIT_AI_CONFIRM,XAUUSD in zone: [SMC-HUNT BUY] Swept
2026-10-02 09:50:10,BTCUSD,ZONE_ALERT,[SR-BOUNCE SELL] + Bear Div,SELL,85069.30,45.90%,54.10%,BULLISH (+0.28%),BEAR DIV v,WAIT_AI_CONFIRM,BTCUSD in zone: [SR-BOUNCE SELL] + Bear Div
2026-10-02 09:50:11,BTCUSD,ENTRY_SIGNAL,SR-SwingBounce+Div,SELL,85069.30,45.90%,54.10%,BULLISH (+0.28%),BEAR DIV v,ORDER_SENT,Lot 0.01 | SL: 85162.16 | TP: 84883.58 (COUNTER-H4 ALLOWED (Bear Div Active))
2026-10-02 09:50:51,BTCUSD,RISK_BLOCKED,[SR-BOUNCE SELL] + Bear Div,N/A,85081.00,46.28%,53.72%,BULLISH (+0.28%),BEAR DIV v,COOLDOWN,Waiting 15:00m before next trade (Loss streak: 0)
2026-10-02 09:54:14,BTCUSD,ZONE_ALERT,[SR-BOUNCE SELL] + Bear Div,SELL,85072.10,47.11%,52.89%,BULLISH (+0.28%),BEAR DIV v,WAIT_AI_CONFIRM,BTCUSD in zone: [SR-BOUNCE SELL] + Bear Div
2026-10-02 09:54:14,BTCUSD,RISK_BLOCKED,[SR-BOUNCE SELL] + Bear Div,N/A,85072.10,47.11%,52.89%,BULLISH (+0.28%),BEAR DIV v,COOLDOWN,Waiting 11:37m before next trade (Loss streak: 0)
2026-10-02 10:00:18,BTCUSD,ZONE_ALERT,[SR-BOUNCE SELL] + Bear Div,SELL,85169.00,47.35%,52.65%,BULLISH (+0.29%),BEAR DIV v,WAIT_AI_CONFIRM,BTCUSD in zone: [SR-BOUNCE SELL] + Bear Div
2026-10-02 10:00:18,BTCUSD,RISK_BLOCKED,[SR-BOUNCE SELL] + Bear Div,N/A,85169.00,47.35%,52.65%,BULLISH (+0.29%),BEAR DIV v,COOLDOWN,Waiting 05:33m before next trade (Loss streak: 0)
2026-10-02 10:01:39,BTCUSD,ZONE_ALERT,[TREND-BREAK BUY] Wait AI confirm,BUY,85369.00,43.54%,56.46%,BULLISH (+0.31%),None,WAIT_AI_CONFIRM,BTCUSD in zone: [TREND-BREAK BUY] Wait AI confirm
2026-10-02 10:01:39,BTCUSD,RISK_BLOCKED,[TREND-BREAK BUY] Wait AI confirm,N/A,85369.00,43.54%,56.46%,BULLISH (+0.31%),None,COOLDOWN,Waiting 04:11m before next trade (Loss streak: 0)
2026-10-02 10:07:23,BTCUSD,ZONE_ALERT,[SMC-HUNT SELL + BEAR DIV],SELL,85236.30,48.51%,51.49%,BULLISH (+0.30%),BEAR DIV v,WAIT_AI_CONFIRM,BTCUSD in zone: [SMC-HUNT SELL + BEAR DIV]
2026-10-02 10:07:23,BTCUSD,ENTRY_SIGNAL,SMC-LiquidityHunt+Div,SELL,85236.30,48.51%,51.49%,BULLISH (+0.30%),BEAR DIV v,ORDER_SENT,Lot 0.01 | SL: 85336.53 | TP: 85035.84 (COUNTER-H4 ALLOWED (Bear Div Active))
2026-10-02 10:07:44,BTCUSD,ZONE_ALERT,[SMC-HUNT SELL] Swept,SELL,85248.60,48.68%,51.32%,BULLISH (+0.30%),None,WAIT_AI_CONFIRM,BTCUSD in zone: [SMC-HUNT SELL] Swept
2026-10-02 10:10:26,BTCUSD,ZONE_ALERT,[SMC-HUNT SELL + BEAR DIV],SELL,85221.40,50.20%,49.80%,BULLISH (+0.29%),BEAR DIV v,WAIT_AI_CONFIRM,BTCUSD in zone: [SMC-HUNT SELL + BEAR DIV]
2026-10-02 10:10:46,BTCUSD,ZONE_ALERT,[SMC-HUNT SELL] Swept,SELL,85245.20,48.68%,51.32%,BULLISH (+0.30%),None,WAIT_AI_CONFIRM,BTCUSD in zone: [SMC-HUNT SELL] Swept
2026-10-02 10:13:28,BTCUSD,ZONE_ALERT,[SMC-HUNT SELL + BEAR DIV],SELL,85221.90,50.20%,49.80%,BULLISH (+0.29%),BEAR DIV v,WAIT_AI_CONFIRM,BTCUSD in zone: [SMC-HUNT SELL + BEAR DIV]
2026-10-02 10:15:29,BTCUSD,ZONE_ALERT,[TREND-BREAK BUY] Wait AI confirm,BUY,85310.10,45.48%,54.52%,BULLISH (+0.30%),None,WAIT_AI_CONFIRM,BTCUSD in zone: [TREND-BREAK BUY] Wait AI confirm
2026-10-02 10:15:29,BTCUSD,RISK_BLOCKED,[TREND-BREAK BUY] Wait AI confirm,N/A,85310.10,45.48%,54.52%,BULLISH (+0.30%),None,COOLDOWN,Waiting 13:39m before next trade (Loss streak: 0)
2026-10-02 10:31:18,BTCUSD,ZONE_ALERT,[TREND-BREAK BUY] Wait AI confirm,BUY,85317.10,44.84%,55.16%,BULLISH (+0.30%),None,WAIT_AI_CONFIRM,BTCUSD in zone: [TREND-BREAK BUY] Wait AI confirm
2026-10-02 10:31:18,BTCUSD,ZONE_ALERT,Trend-Breakout,BUY,85317.10,44.84%,55.16%,BULLISH (+0.30%),None,WAIT_AI_CONFIRM,Breakout Resistance | AI UP 44.8% < 50.0%
2026-10-02 10:34:20,BTCUSD,ZONE_ALERT,[TREND-BREAK BUY] Wait AI confirm,BUY,85383.30,45.30%,54.70%,BULLISH (+0.31%),None,WAIT_AI_CONFIRM,BTCUSD in zone: [TREND-BREAK BUY] Wait AI confirm
2026-10-02 10:34:20,BTCUSD,ZONE_ALERT,Trend-Breakout,BUY,85383.30,45.30%,54.70%,BULLISH (+0.31%),None,WAIT_AI_CONFIRM,Breakout Resistance | AI UP 45.3% < 50.0%
2026-10-02 10:40:04,BTCUSD,ZONE_ALERT,[TREND-BREAK BUY] Wait AI confirm,BUY,85369.00,45.20%,54.80%,BULLISH (+0.31%),None,WAIT_AI_CONFIRM,BTCUSD in zone: [TREND-BREAK BUY] Wait AI confirm
2026-10-02 10:40:04,BTCUSD,ZONE_ALERT,Trend-Breakout,BUY,85369.00,45.20%,54.80%,BULLISH (+0.31%),None,WAIT_AI_CONFIRM,Breakout Resistance | AI UP 45.2% < 50.0%
2026-10-02 10:43:06,BTCUSD,ZONE_ALERT,[TREND-BREAK BUY] Wait AI confirm,BUY,85382.90,45.30%,54.70%,BULLISH (+0.31%),None,WAIT_AI_CONFIRM,BTCUSD in zone: [TREND-BREAK BUY] Wait AI confirm
2026-10-02 10:43:06,BTCUSD,ZONE_ALERT,Trend-Breakout,BUY,85382.90,45.30%,54.70%,BULLISH (+0.31%),None,WAIT_AI_CONFIRM,Breakout Resistance | AI UP 45.3% < 50.0%
2026-10-02 10:45:07,BTCUSD,ZONE_ALERT,[TREND-BREAK BUY] Wait AI confirm,BUY,85406.50,44.34%,55.66%,BULLISH (+0.31%),H-BEAR v,WAIT_AI_CONFIRM,BTCUSD in zone: [TREND-BREAK BUY] Wait AI confirm
2026-10-02 10:45:07,BTCUSD,ZONE_ALERT,Trend-Breakout,BUY,85406.50,44.34%,55.66%,BULLISH (+0.31%),H-BEAR v,WAIT_AI_CONFIRM,Breakout Resistance | AI UP 44.3% < 50.0%
2026-10-02 10:48:10,BTCUSD,ZONE_ALERT,[TREND-BREAK BUY] Wait AI confirm,BUY,85402.00,45.22%,54.78%,BULLISH (+0.31%),H-BEAR v,WAIT_AI_CONFIRM,BTCUSD in zone: [TREND-BREAK BUY] Wait AI confirm
2026-10-02 10:48:10,BTCUSD,ZONE_ALERT,Trend-Breakout,BUY,85402.00,45.22%,54.78%,BULLISH (+0.31%),H-BEAR v,WAIT_AI_CONFIRM,Breakout Resistance | AI UP 45.2% < 50.0%
2026-10-02 10:51:12,BTCUSD,ZONE_ALERT,[TREND-BREAK BUY] Wait AI confirm,BUY,85346.60,45.25%,54.75%,BULLISH (+0.30%),H-BEAR v,WAIT_AI_CONFIRM,BTCUSD in zone: [TREND-BREAK BUY] Wait AI confirm
2026-10-02 10:51:12,BTCUSD,ZONE_ALERT,Trend-Breakout,BUY,85346.60,45.25%,54.75%,BULLISH (+0.30%),H-BEAR v,WAIT_AI_CONFIRM,Breakout Resistance | AI UP 45.3% < 50.0%
2026-10-02 10:54:14,BTCUSD,ZONE_ALERT,[TREND-BREAK BUY] Wait AI confirm,BUY,85469.00,43.29%,56.71%,BULLISH (+0.31%),H-BEAR v,WAIT_AI_CONFIRM,BTCUSD in zone: [TREND-BREAK BUY] Wait AI confirm
2026-10-02 10:54:14,BTCUSD,ZONE_ALERT,Trend-Breakout,BUY,85469.00,43.29%,56.71%,BULLISH (+0.31%),H-BEAR v,WAIT_AI_CONFIRM,Breakout Resistance | AI UP 43.3% < 50.0%
2026-10-02 10:54:55,BTCUSD,ZONE_ALERT,[TREND-BREAK BUY] Wait AI confirm,BUY,85444.50,43.93%,56.07%,BULLISH (+0.31%),None,WAIT_AI_CONFIRM,BTCUSD in zone: [TREND-BREAK BUY] Wait AI confirm
2026-10-02 10:54:55,BTCUSD,ZONE_ALERT,Trend-Breakout,BUY,85444.50,43.93%,56.07%,BULLISH (+0.31%),None,WAIT_AI_CONFIRM,Breakout Resistance | AI UP 43.9% < 50.0%
2026-10-02 10:57:57,BTCUSD,ZONE_ALERT,[TREND-BREAK BUY] Wait AI confirm,BUY,85512.60,43.48%,56.52%,BULLISH (+0.32%),None,WAIT_AI_CONFIRM,BTCUSD in zone: [TREND-BREAK BUY] Wait AI confirm
2026-10-02 10:57:57,BTCUSD,ZONE_ALERT,Trend-Breakout,BUY,85512.60,43.48%,56.52%,BULLISH (+0.32%),None,WAIT_AI_CONFIRM,Breakout Resistance | AI UP 43.5% < 50.0%
2026-10-02 11:02:40,BTCUSD,ZONE_ALERT,[SMC-HUNT SELL] Swept,SELL,85530.10,43.89%,56.11%,BULLISH (+0.32%),None,WAIT_AI_CONFIRM,BTCUSD in zone: [SMC-HUNT SELL] Swept
2026-10-02 11:02:41,BTCUSD,H4_FILTERED,SMC-LiquidityHunt,SELL,85530.10,43.89%,56.11%,BULLISH (+0.32%),None,H4_BLOCKED,"COUNTER-H4 BLOCKED (Requires Bear Div or AI DOWN >= 58%, Current: 56.1%)"
2026-10-02 11:05:22,XAUUSD,ZONE_ALERT,[SR-BOUNCE SELL] Resistance,SELL,4182.81,51.27%,48.73%,BEARISH (-0.36%),None,WAIT_AI_CONFIRM,XAUUSD in zone: [SR-BOUNCE SELL] Resistance
2026-10-02 11:05:23,XAUUSD,ZONE_ALERT,SR-SwingBounce,SELL,4182.81,51.27%,48.73%,BEARISH (-0.36%),None,WAIT_AI_CONFIRM,Bounce Resistance H1 | AI DOWN 48.7% < 55.0%
2026-10-02 11:05:43,BTCUSD,ZONE_ALERT,[SMC-HUNT SELL] Swept,SELL,85485.70,46.82%,53.18%,BULLISH (+0.32%),None,WAIT_AI_CONFIRM,BTCUSD in zone: [SMC-HUNT SELL] Swept
2026-10-02 11:05:43,BTCUSD,H4_FILTERED,SMC-LiquidityHunt,SELL,85485.70,46.82%,53.18%,BULLISH (+0.32%),None,H4_BLOCKED,"COUNTER-H4 BLOCKED (Requires Bear Div or AI DOWN >= 58%, Current: 53.2%)"
2026-10-02 11:08:25,XAUUSD,ZONE_ALERT,[SR-BOUNCE SELL] Resistance,SELL,4183.66,51.23%,48.77%,BEARISH (-0.36%),None,WAIT_AI_CONFIRM,XAUUSD in zone: [SR-BOUNCE SELL] Resistance
2026-10-02 11:08:25,XAUUSD,ZONE_ALERT,SR-SwingBounce,SELL,4183.66,51.23%,48.77%,BEARISH (-0.36%),None,WAIT_AI_CONFIRM,Bounce Resistance H1 | AI DOWN 48.8% < 55.0%
2026-10-02 11:08:45,BTCUSD,ZONE_ALERT,[SMC-HUNT SELL] Swept,SELL,85460.30,48.11%,51.89%,BULLISH (+0.31%),None,WAIT_AI_CONFIRM,BTCUSD in zone: [SMC-HUNT SELL] Swept
2026-10-02 11:08:46,BTCUSD,H4_FILTERED,SMC-LiquidityHunt,SELL,85460.30,48.11%,51.89%,BULLISH (+0.31%),None,H4_BLOCKED,"COUNTER-H4 BLOCKED (Requires Bear Div or AI DOWN >= 58%, Current: 51.9%)"
2026-10-02 11:11:28,XAUUSD,ZONE_ALERT,[SR-BOUNCE SELL] Resistance,SELL,4183.69,51.23%,48.77%,BEARISH (-0.36%),None,WAIT_AI_CONFIRM,XAUUSD in zone: [SR-BOUNCE SELL] Resistance
2026-10-02 11:11:28,XAUUSD,ZONE_ALERT,SR-SwingBounce,SELL,4183.69,51.23%,48.77%,BEARISH (-0.36%),None,WAIT_AI_CONFIRM,Bounce Resistance H1 | AI DOWN 48.8% < 55.0%
2026-10-02 11:11:48,BTCUSD,ZONE_ALERT,[SMC-HUNT SELL] Swept,SELL,85468.10,47.82%,52.18%,BULLISH (+0.31%),None,WAIT_AI_CONFIRM,BTCUSD in zone: [SMC-HUNT SELL] Swept
2026-10-02 11:11:48,BTCUSD,H4_FILTERED,SMC-LiquidityHunt,SELL,85468.10,47.82%,52.18%,BULLISH (+0.31%),None,H4_BLOCKED,"COUNTER-H4 BLOCKED (Requires Bear Div or AI DOWN >= 58%, Current: 52.2%)"
2026-10-02 11:14:10,XAUUSD,ZONE_ALERT,[SMC-HUNT SELL] Swept,SELL,4185.41,51.44%,48.56%,BEARISH (-0.35%),None,WAIT_AI_CONFIRM,XAUUSD in zone: [SMC-HUNT SELL] Swept
2026-10-02 11:14:10,XAUUSD,ZONE_ALERT,SMC-LiquidityHunt,SELL,4185.41,51.44%,48.56%,BEARISH (-0.35%),None,WAIT_AI_CONFIRM,SMC Sweep Resistance | AI DOWN 48.6% < 50.0%
2026-10-02 11:14:51,BTCUSD,ZONE_ALERT,[SMC-HUNT SELL] Swept,SELL,85436.20,47.19%,52.81%,BULLISH (+0.31%),None,WAIT_AI_CONFIRM,BTCUSD in zone: [SMC-HUNT SELL] Swept
2026-10-02 11:14:51,BTCUSD,H4_FILTERED,SMC-LiquidityHunt,SELL,85436.20,47.19%,52.81%,BULLISH (+0.31%),None,H4_BLOCKED,"COUNTER-H4 BLOCKED (Requires Bear Div or AI DOWN >= 58%, Current: 52.8%)"
2026-10-02 11:15:31,XAUUSD,ZONE_ALERT,[SR-BOUNCE SELL] Resistance,SELL,4183.96,48.26%,51.74%,BEARISH (-0.36%),None,WAIT_AI_CONFIRM,XAUUSD in zone: [SR-BOUNCE SELL] Resistance
2026-10-02 11:15:32,XAUUSD,ZONE_ALERT,SR-SwingBounce,SELL,4183.96,48.26%,51.74%,BEARISH (-0.36%),None,WAIT_AI_CONFIRM,Bounce Resistance H1 | AI DOWN 51.7% < 55.0%
2026-10-02 11:18:33,XAUUSD,ZONE_ALERT,[SR-BOUNCE SELL] Resistance,SELL,4184.59,50.92%,49.08%,BEARISH (-0.36%),None,WAIT_AI_CONFIRM,XAUUSD in zone: [SR-BOUNCE SELL] Resistance
2026-10-02 11:18:34,XAUUSD,ZONE_ALERT,SR-SwingBounce,SELL,4184.59,50.92%,49.08%,BEARISH (-0.36%),None,WAIT_AI_CONFIRM,Bounce Resistance H1 | AI DOWN 49.1% < 55.0%
2026-10-02 11:19:14,BTCUSD,ZONE_ALERT,[TREND-BREAK BUY] Wait AI confirm,BUY,85596.10,43.77%,56.23%,BULLISH (+0.32%),None,WAIT_AI_CONFIRM,BTCUSD in zone: [TREND-BREAK BUY] Wait AI confirm
2026-10-02 11:19:14,BTCUSD,ZONE_ALERT,Trend-Breakout,BUY,85596.10,43.77%,56.23%,BULLISH (+0.32%),None,WAIT_AI_CONFIRM,Breakout Resistance | AI UP 43.8% < 50.0%
2026-10-02 11:27:19,XAUUSD,ZONE_ALERT,[SMC-HUNT SELL] Swept,SELL,4186.52,50.95%,49.05%,BEARISH (-0.35%),None,WAIT_AI_CONFIRM,XAUUSD in zone: [SMC-HUNT SELL] Swept
2026-10-02 11:27:19,XAUUSD,ZONE_ALERT,SMC-LiquidityHunt,SELL,4186.52,50.95%,49.05%,BEARISH (-0.35%),None,WAIT_AI_CONFIRM,SMC Sweep Resistance | AI DOWN 49.1% < 50.0%
2026-10-02 11:27:40,XAUUSD,ZONE_ALERT,[SR-BOUNCE SELL] Resistance,SELL,4186.60,50.95%,49.05%,BEARISH (-0.35%),None,WAIT_AI_CONFIRM,XAUUSD in zone: [SR-BOUNCE SELL] Resistance
2026-10-02 11:27:40,XAUUSD,ZONE_ALERT,SR-SwingBounce,SELL,4186.60,50.95%,49.05%,BEARISH (-0.35%),None,WAIT_AI_CONFIRM,Bounce Resistance H1 | AI DOWN 49.1% < 55.0%
2026-10-02 11:31:22,XAUUSD,ZONE_ALERT,[TREND-BREAK BUY] Wait AI confirm,BUY,4189.29,43.57%,56.43%,BEARISH (-0.35%),None,WAIT_AI_CONFIRM,XAUUSD in zone: [TREND-BREAK BUY] Wait AI confirm
2026-10-02 11:31:22,XAUUSD,ZONE_ALERT,Trend-Breakout,BUY,4189.29,43.57%,56.43%,BEARISH (-0.35%),None,WAIT_AI_CONFIRM,Breakout Resistance | AI UP 43.6% < 50.0%
2026-10-02 11:33:44,XAUUSD,ZONE_ALERT,[SMC-HUNT SELL] Swept,SELL,4187.46,44.73%,55.27%,BEARISH (-0.35%),None,WAIT_AI_CONFIRM,XAUUSD in zone: [SMC-HUNT SELL] Swept
2026-10-02 11:33:44,XAUUSD,ENTRY_SIGNAL,SMC-LiquidityHunt,SELL,4187.46,44.73%,55.27%,BEARISH (-0.35%),None,ORDER_SENT,Lot 0.01 | SL: 4191.26 | TP: 4179.86 (PRO-TREND (H4 Bearish [v]))
2026-10-02 11:36:46,XAUUSD,ZONE_ALERT,[SMC-HUNT SELL] Swept,SELL,4184.82,47.33%,52.67%,BEARISH (-0.35%),None,WAIT_AI_CONFIRM,XAUUSD in zone: [SMC-HUNT SELL] Swept
2026-10-02 11:39:48,XAUUSD,ZONE_ALERT,[SMC-HUNT SELL] Swept,SELL,4182.56,47.74%,52.26%,BEARISH (-0.36%),None,WAIT_AI_CONFIRM,XAUUSD in zone: [SMC-HUNT SELL] Swept
2026-10-02 11:42:50,XAUUSD,ZONE_ALERT,[SMC-HUNT SELL] Swept,SELL,4182.70,47.59%,52.41%,BEARISH (-0.36%),None,WAIT_AI_CONFIRM,XAUUSD in zone: [SMC-HUNT SELL] Swept
2026-10-02 11:45:32,BTCUSD,ZONE_ALERT,[TREND-BREAK BUY] Wait AI confirm,BUY,86471.50,49.43%,50.57%,BULLISH (+0.39%),None,WAIT_AI_CONFIRM,BTCUSD in zone: [TREND-BREAK BUY] Wait AI confirm
2026-10-02 11:45:32,BTCUSD,ZONE_ALERT,Trend-Breakout,BUY,86471.50,49.43%,50.57%,BULLISH (+0.39%),None,WAIT_AI_CONFIRM,Breakout Resistance | AI UP 49.4% < 50.0%
2026-10-02 11:46:33,XAUUSD,ZONE_ALERT,[SR-BOUNCE SELL] Resistance,SELL,4181.97,46.47%,53.53%,BEARISH (-0.36%),None,WAIT_AI_CONFIRM,XAUUSD in zone: [SR-BOUNCE SELL] Resistance
2026-10-02 11:51:57,XAUUSD,ZONE_ALERT,[SR-BOUNCE SELL] Resistance,SELL,4181.84,47.55%,52.45%,BEARISH (-0.36%),None,WAIT_AI_CONFIRM,XAUUSD in zone: [SR-BOUNCE SELL] Resistance
2026-10-02 11:54:59,XAUUSD,ZONE_ALERT,[SR-BOUNCE SELL] Resistance,SELL,4182.21,48.57%,51.43%,BEARISH (-0.36%),None,WAIT_AI_CONFIRM,XAUUSD in zone: [SR-BOUNCE SELL] Resistance
2026-10-02 12:00:02,BTCUSD,ZONE_ALERT,[SR-BOUNCE SELL] + Bear Div,SELL,86646.10,49.51%,50.49%,BULLISH (+0.61%),BEAR DIV v,WAIT_AI_CONFIRM,BTCUSD in zone: [SR-BOUNCE SELL] + Bear Div
2026-10-02 12:00:02,BTCUSD,ZONE_ALERT,SR-SwingBounce+Div,SELL,86646.10,49.51%,50.49%,BULLISH (+0.61%),BEAR DIV v,WAIT_AI_CONFIRM,Bounce Resistance H1 | AI DOWN 50.5% < 52.0%
2026-10-02 12:00:03,XAUUSD,ZONE_ALERT,[SR-BOUNCE SELL] Resistance,SELL,4184.84,46.48%,53.52%,BEARISH (-0.20%),None,WAIT_AI_CONFIRM,XAUUSD in zone: [SR-BOUNCE SELL] Resistance
2026-10-02 12:03:05,BTCUSD,ZONE_ALERT,[SR-BOUNCE SELL] + Bear Div,SELL,86571.10,50.67%,49.33%,BULLISH (+0.60%),BEAR DIV v,WAIT_AI_CONFIRM,BTCUSD in zone: [SR-BOUNCE SELL] + Bear Div
2026-10-02 12:03:05,BTCUSD,ZONE_ALERT,SR-SwingBounce+Div,SELL,86571.10,50.67%,49.33%,BULLISH (+0.60%),BEAR DIV v,WAIT_AI_CONFIRM,Bounce Resistance H1 | AI DOWN 49.3% < 52.0%
2026-10-02 12:03:05,XAUUSD,ZONE_ALERT,[SR-BOUNCE SELL] Resistance,SELL,4184.68,43.70%,56.30%,BEARISH (-0.20%),None,WAIT_AI_CONFIRM,XAUUSD in zone: [SR-BOUNCE SELL] Resistance
2026-10-02 12:06:07,XAUUSD,ZONE_ALERT,[SR-BOUNCE SELL] Resistance,SELL,4184.83,44.51%,55.49%,BEARISH (-0.20%),None,WAIT_AI_CONFIRM,XAUUSD in zone: [SR-BOUNCE SELL] Resistance
2026-10-02 12:07:08,BTCUSD,ZONE_ALERT,[SR-BOUNCE SELL] + Bear Div,SELL,86567.60,51.54%,48.46%,BULLISH (+0.60%),BEAR DIV v,WAIT_AI_CONFIRM,BTCUSD in zone: [SR-BOUNCE SELL] + Bear Div
2026-10-02 12:07:08,BTCUSD,ZONE_ALERT,SR-SwingBounce+Div,SELL,86567.60,51.54%,48.46%,BULLISH (+0.60%),BEAR DIV v,WAIT_AI_CONFIRM,Bounce Resistance H1 | AI DOWN 48.5% < 52.0%
2026-10-02 12:09:30,XAUUSD,ZONE_ALERT,[SR-BOUNCE SELL] Resistance,SELL,4186.92,45.23%,54.77%,SIDEWAY (-0.20%),None,WAIT_AI_CONFIRM,XAUUSD in zone: [SR-BOUNCE SELL] Resistance
2026-10-02 12:10:30,BTCUSD,ZONE_ALERT,[SR-BOUNCE SELL] + Bear Div,SELL,86603.70,50.65%,49.35%,BULLISH (+0.60%),BEAR DIV v,WAIT_AI_CONFIRM,BTCUSD in zone: [SR-BOUNCE SELL] + Bear Div
2026-10-02 12:10:30,BTCUSD,ZONE_ALERT,SR-SwingBounce+Div,SELL,86603.70,50.65%,49.35%,BULLISH (+0.60%),BEAR DIV v,WAIT_AI_CONFIRM,Bounce Resistance H1 | AI DOWN 49.4% < 52.0%
2026-10-02 12:13:12,XAUUSD,ZONE_ALERT,[SMC-HUNT SELL] Swept,SELL,4189.64,45.39%,54.61%,SIDEWAY (-0.20%),None,WAIT_AI_CONFIRM,XAUUSD in zone: [SMC-HUNT SELL] Swept
2026-10-02 12:13:12,XAUUSD,RISK_BLOCKED,[SMC-HUNT SELL] Swept,N/A,4189.64,45.39%,54.61%,SIDEWAY (-0.20%),None,COOLDOWN,Waiting 08:39m before next trade (Loss streak: 0)
2026-10-02 12:13:53,BTCUSD,ZONE_ALERT,[SR-BOUNCE SELL] + Bear Div,SELL,86564.00,50.97%,49.03%,BULLISH (+0.60%),BEAR DIV v,WAIT_AI_CONFIRM,BTCUSD in zone: [SR-BOUNCE SELL] + Bear Div
2026-10-02 12:13:53,BTCUSD,ZONE_ALERT,SR-SwingBounce+Div,SELL,86564.00,50.97%,49.03%,BULLISH (+0.60%),BEAR DIV v,WAIT_AI_CONFIRM,Bounce Resistance H1 | AI DOWN 49.0% < 52.0%
2026-10-02 12:15:14,XAUUSD,ZONE_ALERT,[SR-BOUNCE SELL] Resistance,SELL,4187.71,46.68%,53.32%,SIDEWAY (-0.20%),None,WAIT_AI_CONFIRM,XAUUSD in zone: [SR-BOUNCE SELL] Resistance
2026-10-02 12:15:14,XAUUSD,RISK_BLOCKED,[SR-BOUNCE SELL] Resistance,N/A,4187.71,46.68%,53.32%,SIDEWAY (-0.20%),None,COOLDOWN,Waiting 06:37m before next trade (Loss streak: 0)
2026-10-02 12:18:16,XAUUSD,ZONE_ALERT,[SR-BOUNCE SELL] Resistance,SELL,4187.36,43.34%,56.66%,SIDEWAY (-0.20%),None,WAIT_AI_CONFIRM,XAUUSD in zone: [SR-BOUNCE SELL] Resistance
2026-10-02 12:18:16,XAUUSD,RISK_BLOCKED,[SR-BOUNCE SELL] Resistance,N/A,4187.36,43.34%,56.66%,SIDEWAY (-0.20%),None,COOLDOWN,Waiting 03:35m before next trade (Loss streak: 0)
2026-10-02 12:21:18,XAUUSD,ZONE_ALERT,[SR-BOUNCE SELL] Resistance,SELL,4187.89,44.51%,55.49%,SIDEWAY (-0.20%),None,WAIT_AI_CONFIRM,XAUUSD in zone: [SR-BOUNCE SELL] Resistance
2026-10-02 12:21:18,XAUUSD,RISK_BLOCKED,[SR-BOUNCE SELL] Resistance,N/A,4187.89,44.51%,55.49%,SIDEWAY (-0.20%),None,COOLDOWN,Waiting 00:32m before next trade (Loss streak: 0)
2026-10-02 12:22:00,XAUUSD,ENTRY_SIGNAL,SR-SwingBounce,SELL,4187.30,43.80%,56.20%,SIDEWAY (-0.20%),None,ORDER_SENT,Lot 0.01 | SL: 4190.97 | TP: 4179.96 (SIDEWAY REGIME [~] (Range Play Approved))
2026-10-02 12:24:21,XAUUSD,ZONE_ALERT,[SR-BOUNCE SELL] Resistance,SELL,4187.73,45.36%,54.64%,SIDEWAY (-0.20%),None,WAIT_AI_CONFIRM,XAUUSD in zone: [SR-BOUNCE SELL] Resistance
2026-10-02 12:27:23,XAUUSD,ZONE_ALERT,[SR-BOUNCE SELL] Resistance,SELL,4187.22,43.97%,56.03%,SIDEWAY (-0.20%),None,WAIT_AI_CONFIRM,XAUUSD in zone: [SR-BOUNCE SELL] Resistance
2026-10-02 12:30:25,XAUUSD,ZONE_ALERT,[SR-BOUNCE SELL] Resistance,SELL,4186.36,46.20%,53.80%,BEARISH (-0.20%),None,WAIT_AI_CONFIRM,XAUUSD in zone: [SR-BOUNCE SELL] Resistance
2026-10-02 12:33:27,XAUUSD,ZONE_ALERT,[SR-BOUNCE SELL] Resistance,SELL,4186.39,44.67%,55.33%,BEARISH (-0.20%),None,WAIT_AI_CONFIRM,XAUUSD in zone: [SR-BOUNCE SELL] Resistance
2026-10-02 12:37:09,XAUUSD,ZONE_ALERT,[SR-BOUNCE SELL] Resistance,SELL,4188.75,46.10%,53.90%,SIDEWAY (-0.20%),None,WAIT_AI_CONFIRM,XAUUSD in zone: [SR-BOUNCE SELL] Resistance
2026-10-02 12:40:11,XAUUSD,ZONE_ALERT,[SR-BOUNCE SELL] Resistance,SELL,4188.34,46.91%,53.09%,SIDEWAY (-0.20%),None,WAIT_AI_CONFIRM,XAUUSD in zone: [SR-BOUNCE SELL] Resistance
2026-10-02 12:44:14,XAUUSD,ZONE_ALERT,[SR-BOUNCE SELL] Resistance,SELL,4188.55,46.91%,53.09%,SIDEWAY (-0.20%),None,WAIT_AI_CONFIRM,XAUUSD in zone: [SR-BOUNCE SELL] Resistance
2026-10-02 12:44:14,XAUUSD,RISK_BLOCKED,[SR-BOUNCE SELL] Resistance,N/A,4188.55,46.91%,53.09%,SIDEWAY (-0.20%),None,COOLDOWN,Waiting 09:39m before next trade (Loss streak: 0)
2026-10-02 12:47:16,XAUUSD,ZONE_ALERT,[SR-BOUNCE SELL] Resistance,SELL,4185.20,47.53%,52.47%,BEARISH (-0.20%),None,WAIT_AI_CONFIRM,XAUUSD in zone: [SR-BOUNCE SELL] Resistance
2026-10-02 12:47:16,XAUUSD,RISK_BLOCKED,[SR-BOUNCE SELL] Resistance,N/A,4185.20,47.53%,52.47%,BEARISH (-0.20%),None,COOLDOWN,Waiting 06:37m before next trade (Loss streak: 0)
2026-10-02 12:51:39,XAUUSD,ZONE_ALERT,[SR-BOUNCE SELL] Resistance,SELL,4184.92,46.48%,53.52%,BEARISH (-0.20%),None,WAIT_AI_CONFIRM,XAUUSD in zone: [SR-BOUNCE SELL] Resistance
2026-10-02 12:51:39,XAUUSD,RISK_BLOCKED,[SR-BOUNCE SELL] Resistance,N/A,4184.92,46.48%,53.52%,BEARISH (-0.20%),None,COOLDOWN,Waiting 02:14m before next trade (Loss streak: 0)
2026-10-02 12:55:22,XAUUSD,ZONE_ALERT,[SR-BOUNCE SELL] Resistance,SELL,4184.93,46.48%,53.52%,BEARISH (-0.20%),None,WAIT_AI_CONFIRM,XAUUSD in zone: [SR-BOUNCE SELL] Resistance
2026-10-02 12:55:22,XAUUSD,ZONE_ALERT,SR-SwingBounce,SELL,4184.93,46.48%,53.52%,BEARISH (-0.20%),None,WAIT_AI_CONFIRM,Bounce Resistance H1 | AI DOWN 53.5% < 55.0%
2026-10-02 12:58:24,XAUUSD,ZONE_ALERT,[SR-BOUNCE SELL] Resistance,SELL,4185.31,46.03%,53.97%,BEARISH (-0.20%),None,WAIT_AI_CONFIRM,XAUUSD in zone: [SR-BOUNCE SELL] Resistance
2026-10-02 12:58:24,XAUUSD,ZONE_ALERT,SR-SwingBounce,SELL,4185.31,46.03%,53.97%,BEARISH (-0.20%),None,WAIT_AI_CONFIRM,Bounce Resistance H1 | AI DOWN 54.0% < 55.0%
2026-10-02 13:01:26,XAUUSD,ZONE_ALERT,[SR-BOUNCE SELL] Resistance,SELL,4189.29,46.27%,53.73%,SIDEWAY (-0.20%),None,WAIT_AI_CONFIRM,XAUUSD in zone: [SR-BOUNCE SELL] Resistance
2026-10-02 13:01:26,XAUUSD,ZONE_ALERT,SR-SwingBounce,SELL,4189.29,46.27%,53.73%,SIDEWAY (-0.20%),None,WAIT_AI_CONFIRM,Bounce Resistance H1 | AI DOWN 53.7% < 55.0%
2026-10-02 13:02:07,XAUUSD,ZONE_ALERT,[SR-BOUNCE SELL] Resistance,SELL,4189.46,48.06%,51.94%,SIDEWAY (-0.20%),H-BEAR v,WAIT_AI_CONFIRM,XAUUSD in zone: [SR-BOUNCE SELL] Resistance
2026-10-02 13:02:07,XAUUSD,ZONE_ALERT,SR-SwingBounce+Div,SELL,4189.46,48.06%,51.94%,SIDEWAY (-0.20%),H-BEAR v,WAIT_AI_CONFIRM,Bounce Resistance H1 | AI DOWN 51.9% < 52.0%
2026-10-02 13:02:27,XAUUSD,ZONE_ALERT,[SR-BOUNCE SELL] Resistance,SELL,4188.23,45.70%,54.30%,SIDEWAY (-0.20%),None,WAIT_AI_CONFIRM,XAUUSD in zone: [SR-BOUNCE SELL] Resistance
2026-10-02 13:04:29,XAUUSD,ZONE_ALERT,[TREND-BREAK BUY] Wait AI confirm,BUY,4193.75,44.67%,55.33%,SIDEWAY (-0.19%),None,WAIT_AI_CONFIRM,XAUUSD in zone: [TREND-BREAK BUY] Wait AI confirm
2026-10-02 13:04:29,XAUUSD,RISK_BLOCKED,Trend-Breakout,BUY,4193.75,44.67%,55.33%,SIDEWAY (-0.19%),None,SIDEWAY_GUARD,False Breakout Guard in Sideway (AI UP 44.7% < 58%)
2026-10-02 13:13:14,XAUUSD,ZONE_ALERT,[TREND-BREAK BUY] Wait AI confirm,BUY,4194.65,45.84%,54.16%,SIDEWAY (-0.19%),None,WAIT_AI_CONFIRM,XAUUSD in zone: [TREND-BREAK BUY] Wait AI confirm
2026-10-02 13:13:14,XAUUSD,RISK_BLOCKED,Trend-Breakout,BUY,4194.65,45.84%,54.16%,SIDEWAY (-0.19%),None,SIDEWAY_GUARD,False Breakout Guard in Sideway (AI UP 45.8% < 58%)
2026-10-02 13:15:16,XAUUSD,ZONE_ALERT,[SR-BOUNCE SELL] Resistance,SELL,4190.22,45.92%,54.08%,SIDEWAY (-0.19%),None,WAIT_AI_CONFIRM,XAUUSD in zone: [SR-BOUNCE SELL] Resistance
2026-10-02 13:15:16,XAUUSD,ZONE_ALERT,SR-SwingBounce,SELL,4190.22,45.92%,54.08%,SIDEWAY (-0.19%),None,WAIT_AI_CONFIRM,Bounce Resistance H1 | AI DOWN 54.1% < 55.0%
2026-10-02 13:15:37,XAUUSD,ENTRY_SIGNAL,SR-SwingBounce,SELL,4190.83,43.71%,56.29%,SIDEWAY (-0.19%),None,ORDER_SENT,Lot 0.01 | SL: 4194.05 | TP: 4184.39 (SIDEWAY REGIME [~] (Range Play Approved))
2026-10-02 13:18:19,XAUUSD,ZONE_ALERT,[SR-BOUNCE SELL] Resistance,SELL,4187.72,47.42%,52.58%,SIDEWAY (-0.20%),None,WAIT_AI_CONFIRM,XAUUSD in zone: [SR-BOUNCE SELL] Resistance
2026-10-02 13:21:21,XAUUSD,ZONE_ALERT,[SR-BOUNCE SELL] Resistance,SELL,4190.10,45.88%,54.12%,SIDEWAY (-0.19%),None,WAIT_AI_CONFIRM,XAUUSD in zone: [SR-BOUNCE SELL] Resistance
2026-10-02 13:24:23,XAUUSD,ZONE_ALERT,[SR-BOUNCE SELL] Resistance,SELL,4190.08,45.88%,54.12%,SIDEWAY (-0.19%),None,WAIT_AI_CONFIRM,XAUUSD in zone: [SR-BOUNCE SELL] Resistance
2026-10-02 13:27:25,XAUUSD,ZONE_ALERT,[SR-BOUNCE SELL] Resistance,SELL,4191.53,48.13%,51.87%,SIDEWAY (-0.19%),None,WAIT_AI_CONFIRM,XAUUSD in zone: [SR-BOUNCE SELL] Resistance
2026-10-02 13:30:47,XAUUSD,ZONE_ALERT,[SR-BOUNCE SELL] Resistance,SELL,4188.23,49.02%,50.98%,SIDEWAY (-0.20%),None,WAIT_AI_CONFIRM,XAUUSD in zone: [SR-BOUNCE SELL] Resistance
2026-10-02 13:33:49,XAUUSD,ZONE_ALERT,[SR-BOUNCE SELL] Resistance,SELL,4187.14,48.59%,51.41%,SIDEWAY (-0.20%),None,WAIT_AI_CONFIRM,XAUUSD in zone: [SR-BOUNCE SELL] Resistance
2026-10-02 14:58:18,XAUUSD,ZONE_ALERT,[SR-BOUNCE SELL] Resistance,SELL,4190.43,48.13%,51.87%,SIDEWAY (-0.19%),H-BULL ^,WAIT_AI_CONFIRM,XAUUSD in zone: [SR-BOUNCE SELL] Resistance
2026-10-02 14:58:18,XAUUSD,ZONE_ALERT,SR-SwingBounce,SELL,4190.43,48.13%,51.87%,SIDEWAY (-0.19%),H-BULL ^,WAIT_AI_CONFIRM,Bounce Resistance H1 | AI DOWN 51.9% < 55.0%
2026-10-02 15:08:24,XAUUSD,ZONE_ALERT,[SR-BOUNCE SELL] Resistance,SELL,4193.84,49.32%,50.68%,SIDEWAY (-0.19%),H-BULL ^,WAIT_AI_CONFIRM,XAUUSD in zone: [SR-BOUNCE SELL] Resistance
2026-10-02 15:08:25,XAUUSD,ZONE_ALERT,SR-SwingBounce,SELL,4193.84,49.32%,50.68%,SIDEWAY (-0.19%),H-BULL ^,WAIT_AI_CONFIRM,Bounce Resistance H1 | AI DOWN 50.7% < 55.0%
2026-10-02 15:11:26,XAUUSD,ZONE_ALERT,[SR-BOUNCE SELL] Resistance,SELL,4191.47,49.48%,50.52%,SIDEWAY (-0.19%),H-BULL ^,WAIT_AI_CONFIRM,XAUUSD in zone: [SR-BOUNCE SELL] Resistance
2026-10-02 15:11:27,XAUUSD,ZONE_ALERT,SR-SwingBounce,SELL,4191.47,49.48%,50.52%,SIDEWAY (-0.19%),H-BULL ^,WAIT_AI_CONFIRM,Bounce Resistance H1 | AI DOWN 50.5% < 55.0%
2026-10-02 19:30:15,BTCUSD,ZONE_ALERT,[SMC-HUNT SELL] Swept,SELL,86874.80,46.75%,53.25%,BULLISH (+0.87%),H-BULL ^,WAIT_AI_CONFIRM,BTCUSD in zone: [SMC-HUNT SELL] Swept
2026-10-02 19:30:15,BTCUSD,H4_FILTERED,SMC-LiquidityHunt,SELL,86874.80,46.75%,53.25%,BULLISH (+0.87%),H-BULL ^,H4_BLOCKED,"COUNTER-H4 BLOCKED (Requires Bear Div or AI DOWN >= 58%, Current: 53.3%)"
2026-10-02 19:31:16,BTCUSD,ZONE_ALERT,[TREND-BREAK BUY] Wait AI confirm,BUY,87085.20,42.79%,57.21%,BULLISH (+0.89%),H-BULL ^,WAIT_AI_CONFIRM,BTCUSD in zone: [TREND-BREAK BUY] Wait AI confirm
2026-10-02 19:31:17,BTCUSD,ZONE_ALERT,Trend-Breakout,BUY,87085.20,42.79%,57.21%,BULLISH (+0.89%),H-BULL ^,WAIT_AI_CONFIRM,Breakout Resistance | AI UP 42.8% < 50.0%
2026-10-02 19:31:57,BTCUSD,ZONE_ALERT,SMC-LiquidityHunt,SELL,86737.50,55.67%,44.33%,BULLISH (+0.86%),H-BULL ^,WAIT_AI_CONFIRM,SMC Sweep Resistance | AI DOWN 44.3% < 50.0%
2026-10-02 19:33:18,BTCUSD,ZONE_ALERT,[SMC-HUNT SELL] Swept,SELL,86770.40,54.82%,45.18%,BULLISH (+0.87%),H-BULL ^,WAIT_AI_CONFIRM,BTCUSD in zone: [SMC-HUNT SELL] Swept
2026-10-02 19:35:00,BTCUSD,ZONE_ALERT,SMC-LiquidityHunt,SELL,86794.80,54.12%,45.88%,BULLISH (+0.87%),H-BULL ^,WAIT_AI_CONFIRM,SMC Sweep Resistance | AI DOWN 45.9% < 50.0%
2026-10-02 19:36:21,BTCUSD,ZONE_ALERT,[SMC-HUNT SELL] Swept,SELL,86863.90,54.10%,45.90%,BULLISH (+0.87%),H-BULL ^,WAIT_AI_CONFIRM,BTCUSD in zone: [SMC-HUNT SELL] Swept
2026-10-02 19:38:02,BTCUSD,ZONE_ALERT,SMC-LiquidityHunt,SELL,86891.00,53.03%,46.97%,BULLISH (+0.88%),H-BULL ^,WAIT_AI_CONFIRM,SMC Sweep Resistance | AI DOWN 47.0% < 50.0%
2026-10-02 19:39:23,BTCUSD,ZONE_ALERT,[SMC-HUNT SELL] Swept,SELL,86782.40,55.10%,44.90%,BULLISH (+0.87%),H-BULL ^,WAIT_AI_CONFIRM,BTCUSD in zone: [SMC-HUNT SELL] Swept
2026-10-02 19:41:05,BTCUSD,ZONE_ALERT,SMC-LiquidityHunt,SELL,86658.60,54.93%,45.07%,BULLISH (+0.86%),H-BULL ^,WAIT_AI_CONFIRM,SMC Sweep Resistance | AI DOWN 45.1% < 50.0%
2026-10-02 19:42:26,BTCUSD,ZONE_ALERT,[SMC-HUNT SELL] Swept,SELL,86575.00,57.62%,42.38%,BULLISH (+0.85%),H-BULL ^,WAIT_AI_CONFIRM,BTCUSD in zone: [SMC-HUNT SELL] Swept
2026-10-02 19:44:07,BTCUSD,ZONE_ALERT,SMC-LiquidityHunt,SELL,86428.70,57.41%,42.59%,BULLISH (+0.84%),H-BULL ^,WAIT_AI_CONFIRM,SMC Sweep Resistance | AI DOWN 42.6% < 50.0%
2026-10-02 19:45:08,XAUUSD,ZONE_ALERT,[TREND-BREAK BUY] Wait AI confirm,BUY,4209.62,47.04%,52.96%,SIDEWAY (-0.01%),None,WAIT_AI_CONFIRM,XAUUSD in zone: [TREND-BREAK BUY] Wait AI confirm
2026-10-02 19:45:08,XAUUSD,RISK_BLOCKED,Trend-Breakout,BUY,4209.62,47.04%,52.96%,SIDEWAY (-0.01%),None,SIDEWAY_GUARD,False Breakout Guard in Sideway (AI UP 47.0% < 58%)
2026-10-02 19:46:29,XAUUSD,ZONE_ALERT,[TREND-BREAK BUY] Confirmed by AI,BUY,4213.01,50.50%,49.50%,SIDEWAY (-0.01%),None,WAIT_AI_CONFIRM,XAUUSD in zone: [TREND-BREAK BUY] Confirmed by AI
2026-10-02 19:48:10,XAUUSD,ZONE_ALERT,[TREND-BREAK BUY] Wait AI confirm,BUY,4211.71,47.45%,52.55%,SIDEWAY (-0.01%),None,WAIT_AI_CONFIRM,XAUUSD in zone: [TREND-BREAK BUY] Wait AI confirm
2026-10-02 19:48:10,XAUUSD,RISK_BLOCKED,Trend-Breakout,BUY,4211.71,47.45%,52.55%,SIDEWAY (-0.01%),None,SIDEWAY_GUARD,False Breakout Guard in Sideway (AI UP 47.4% < 58%)
2026-10-02 19:49:31,XAUUSD,ZONE_ALERT,[TREND-BREAK BUY] Confirmed by AI,BUY,4213.03,52.05%,47.95%,SIDEWAY (-0.01%),None,WAIT_AI_CONFIRM,XAUUSD in zone: [TREND-BREAK BUY] Confirmed by AI
2026-10-02 19:51:12,BTCUSD,ZONE_ALERT,[SR-BOUNCE SELL] Resistance,SELL,86665.70,45.93%,54.07%,BULLISH (+0.86%),None,WAIT_AI_CONFIRM,BTCUSD in zone: [SR-BOUNCE SELL] Resistance
2026-10-02 19:51:12,BTCUSD,ZONE_ALERT,SR-SwingBounce,SELL,86665.70,45.93%,54.07%,BULLISH (+0.86%),None,WAIT_AI_CONFIRM,Bounce Resistance H1 | AI DOWN 54.1% < 55.0%
2026-10-02 19:55:15,XAUUSD,ZONE_ALERT,[TREND-BREAK BUY] Confirmed by AI,BUY,4212.95,54.27%,45.73%,SIDEWAY (-0.01%),None,WAIT_AI_CONFIRM,XAUUSD in zone: [TREND-BREAK BUY] Confirmed by AI
2026-10-02 19:55:16,XAUUSD,RISK_BLOCKED,Trend-Breakout,BUY,4212.95,54.27%,45.73%,SIDEWAY (-0.01%),None,SIDEWAY_GUARD,False Breakout Guard in Sideway (AI UP 54.3% < 58%)
2026-10-02 19:57:17,BTCUSD,ZONE_ALERT,[SR-BOUNCE SELL] Resistance,SELL,86779.80,46.08%,53.92%,BULLISH (+0.87%),None,WAIT_AI_CONFIRM,BTCUSD in zone: [SR-BOUNCE SELL] Resistance
2026-10-02 19:57:17,BTCUSD,ZONE_ALERT,SR-SwingBounce,SELL,86779.80,46.08%,53.92%,BULLISH (+0.87%),None,WAIT_AI_CONFIRM,Bounce Resistance H1 | AI DOWN 53.9% < 55.0%
2026-10-02 19:58:18,XAUUSD,ZONE_ALERT,[TREND-BREAK BUY] Confirmed by AI,BUY,4214.30,53.81%,46.19%,SIDEWAY (-0.01%),None,WAIT_AI_CONFIRM,XAUUSD in zone: [TREND-BREAK BUY] Confirmed by AI
2026-10-02 19:58:18,XAUUSD,RISK_BLOCKED,Trend-Breakout,BUY,4214.30,53.81%,46.19%,SIDEWAY (-0.01%),None,SIDEWAY_GUARD,False Breakout Guard in Sideway (AI UP 53.8% < 58%)
2026-10-02 20:01:00,XAUUSD,ZONE_ALERT,[SR-BOUNCE SELL] Resistance,SELL,4217.68,49.31%,50.69%,BULLISH (+0.23%),None,WAIT_AI_CONFIRM,XAUUSD in zone: [SR-BOUNCE SELL] Resistance
2026-10-02 20:01:00,XAUUSD,ZONE_ALERT,SR-SwingBounce,SELL,4217.68,49.31%,50.69%,BULLISH (+0.23%),None,WAIT_AI_CONFIRM,Bounce Resistance H1 | AI DOWN 50.7% < 55.0%
2026-10-02 20:04:24,XAUUSD,ZONE_ALERT,[SR-BOUNCE SELL] Resistance,SELL,4222.94,49.64%,50.36%,BULLISH (+0.24%),None,WAIT_AI_CONFIRM,XAUUSD in zone: [SR-BOUNCE SELL] Resistance
2026-10-02 20:04:24,XAUUSD,ZONE_ALERT,SR-SwingBounce,SELL,4222.94,49.64%,50.36%,BULLISH (+0.24%),None,WAIT_AI_CONFIRM,Bounce Resistance H1 | AI DOWN 50.4% < 55.0%
2026-10-02 20:38:35,BTCUSD,ZONE_ALERT,[SR-BOUNCE SELL] Resistance,SELL,87038.30,45.43%,54.57%,BULLISH (+1.19%),H-BEAR v,WAIT_AI_CONFIRM,BTCUSD in zone: [SR-BOUNCE SELL] Resistance
2026-10-02 20:38:36,BTCUSD,ENTRY_SIGNAL,SR-SwingBounce+Div,SELL,87011.90,45.43%,54.57%,BULLISH (+1.19%),H-BEAR v,ORDER_SENT,Lot 0.01 | SL: 87156.83 | TP: 86722.04 (COUNTER-H4 ALLOWED (Bear Div Active))
2026-10-03 00:31:46,XAUUSD,ZONE_ALERT,[SR-BOUNCE BUY] Support,BUY,4133.87,44.83%,55.17%,SIDEWAY (+0.11%),H-BULL ^,WAIT_AI_CONFIRM,XAUUSD in zone: [SR-BOUNCE BUY] Support
2026-10-03 00:31:46,XAUUSD,ZONE_ALERT,SR-SwingBounce+Div,BUY,4133.87,44.83%,55.17%,SIDEWAY (+0.11%),H-BULL ^,WAIT_AI_CONFIRM,Bounce Support H1 | AI UP 44.8% < 51.0%
2026-10-03 00:36:08,XAUUSD,ZONE_ALERT,[SR-BOUNCE BUY] Support,BUY,4137.19,47.83%,52.17%,SIDEWAY (+0.12%),H-BULL ^,WAIT_AI_CONFIRM,XAUUSD in zone: [SR-BOUNCE BUY] Support
2026-10-03 00:36:09,XAUUSD,ZONE_ALERT,SR-SwingBounce+Div,BUY,4137.19,47.83%,52.17%,SIDEWAY (+0.12%),H-BULL ^,WAIT_AI_CONFIRM,Bounce Support H1 | AI UP 47.8% < 51.0%
