Time,Symbol,Action,Plan,Price,Lot,SL,TP
2026-09-28 10:13:50,BTCUSD,BUY,Plan 1 (Bounce),83418.35,0.01,82955.15,84807.95
2026-09-28 10:46:25,XAUUSD,SELL,Plan 2 (Breakout Forward),4192.41,0.01,4204.98,4167.27
2026-09-28 12:33:45,BTCUSD,SELL,Plan 2 (Breakout Forward),82938.50,0.01,83355.99,82103.52
2026-09-28 12:51:20,BTCUSD,CLOSE,AI Reversal,83042.55,0.01,0.00,0.00
2026-09-28 12:52:22,BTCUSD,SELL,Plan 2 (Breakout Forward),83049.60,0.01,83377.40,82394.00
2026-09-28 12:53:25,BTCUSD,CLOSE,AI Reversal,83059.65,0.01,0.00,0.00
2026-09-28 12:54:27,BTCUSD,SELL,Plan 2 (Breakout Forward),83061.20,0.01,83377.40,82428.80
2026-09-28 12:55:29,BTCUSD,CLOSE,AI Reversal,83084.45,0.01,0.00,0.00
2026-09-28 13:55:28,XAUUSD,SELL,Plan 2 (Breakout Forward),4165.65,0.01,4186.25,4124.45
2026-09-28 15:28:34,BTCUSD,BUY,Plan 1 (Bounce),82844.15,0.01,82376.19,83780.07
2026-09-28 16:15:30,XAUUSD,LOCK_SL,Break-Even Lock (50% target),4145.20,0.01,4164.79,4124.45
2026-09-28 19:06:16,XAUUSD,CLOSE,Hit Lock SL,4164.79,0.01,4164.79,4124.45
2026-09-28 19:26:04,BTCUSD,CLOSE,Profit Exit,83250.30,0.01,0.00,0.00
2026-09-28 21:44:10,XAUUSD,SELL,Plan 2 (Breakout Forward),4123.44,0.01,4148.93,4072.46
2026-09-28 21:53:31,BTCUSD,BUY,Plan 0 (SMC Sweep),82754.45,0.01,82348.39,83566.57
2026-09-28 22:10:08,BTCUSD,LOCK_SL,Early Break-Even Lock (50% Midpoint),83174.50,0.01,82964.48,83566.57
2026-09-28 22:10:30,BTCUSD,LOCK_SL,Early Break-Even Lock (50% Midpoint),83218.00,0.01,82986.23,83566.57
2026-09-29 18:57:50,BTCUSD,SELL,Plan 0 (SMC Sweep),84342.60,0.01,84436.16,84155.48,0.00,
2026-09-29 19:39:33,BTCUSD,SELL,Plan 1 (Bounce),84377.80,0.01,84479.96,84173.48,0.00,
2026-09-29 20:38:04,XAUUSD,SELL,Plan 0 (SMC Sweep),4159.84,0.01,4163.24,4153.04,0.00,
2026-09-29 20:52:26,XAUUSD,SELL,Plan 0 (SMC Sweep),4160.23,0.01,4163.91,4152.87,0.00,
2026-09-29 21:49:03,XAUUSD,SELL,Plan 1 (Bounce),4164.28,0.01,4168.75,4155.34,0.00,
2026-09-29 22:02:03,XAUUSD,SELL,Plan 1 (Bounce),4168.91,0.01,4173.36,4160.01,0.00,
2026-09-29 22:15:46,XAUUSD,LOCK_SL,Unlimited Dynamic TP,4160.58,0.01,4165.98,4151.30,7.84,
2026-09-29 22:21:10,XAUUSD,LOCK_SL,Early Break-Even Lock (50% Midpoint),4158.55,0.01,4163.70,4151.30,9.78,
2026-09-29 22:22:31,XAUUSD,LOCK_SL,Early Break-Even Lock (50% Midpoint),4157.26,0.01,4163.06,4151.30,11.07,
2026-09-29 22:23:32,XAUUSD,LOCK_SL,Early Break-Even Lock (50% Midpoint),4154.94,0.01,4161.88,4151.30,13.33,
2026-09-29 22:26:40,BTCUSD,BUY,Plan 1 (Bounce),83046.65,0.01,82892.09,83355.77,0.00,
2026-09-29 22:26:40,XAUUSD,LOCK_SL,Early Break-Even Lock (50% Midpoint),4154.46,0.01,4161.60,4151.30,13.90,
2026-09-30 02:59:51,XAUUSD,BUY,Plan 2 (Breakout Forward),4177.12,0.01,4173.31,4184.74,0.00,
2026-09-30 05:15:58,XAUUSD,SELL,Plan 1 (Bounce),4181.22,0.01,4185.04,4173.58,0.00,
2026-09-30 06:57:15,XAUUSD,BUY,Plan 2 (Breakout Forward),4187.34,0.01,4184.92,4192.18,0.00,
2026-09-30 13:52:21,XAUUSD,BUY,Plan 2 (Breakout Forward),4189.25,0.01,4185.87,4196.01,0.00,
2026-09-30 14:06:44,BTCUSD,BUY,Plan 1 (Bounce),82957.75,0.01,82879.26,83114.73,0.00,
2026-09-30 14:19:58,XAUUSD,BUY,Plan 2 (Breakout Forward),4197.02,0.01,4193.41,4204.24,0.00,
2026-09-30 14:53:04,XAUUSD,SELL,Plan 0 (SMC Sweep),4194.83,0.01,4198.71,4187.07,0.00,
2026-09-30 15:29:26,XAUUSD,SELL,Plan 0 (SMC Sweep),4199.37,0.01,4203.26,4191.59,0.00,
2026-09-30 18:00:05,BTCUSD,SELL,Plan 1 (Bounce),83862.20,0.01,83949.26,83688.08,0.00,
2026-09-30 18:36:03,BTCUSD,SELL,Plan 1 (Bounce),83791.50,0.01,83882.08,83610.34,0.00,
2026-09-30 18:57:30,BTCUSD,SELL,Plan 1 (Bounce),83829.00,0.01,83923.86,83639.28,0.00,
2026-09-30 19:23:42,BTCUSD,SELL,Plan 1 (Bounce),83834.00,0.01,83931.24,83639.52,0.00,
2026-09-30 19:30:24,XAUUSD,BUY,Plan 2 (Breakout Forward),4208.84,0.01,4205.10,4216.32,0.00,
2026-09-30 19:31:07,XAUUSD,BUY,Plan 2 (Breakout Forward),4208.46,0.01,4204.72,4215.94,0.00,
2026-09-30 19:45:03,XAUUSD,BUY,Plan 2 (Breakout Forward),4216.04,0.01,4212.20,4223.72,0.00,
2026-09-30 20:10:25,BTCUSD,SELL,Plan 0 (SMC Sweep),85465.90,0.01,85629.14,85139.42,0.00,
2026-10-01 00:45:18,XAUUSD,SELL,Trend-Breakout,4147.98,0.01,4151.89,4140.16,0.00,
2026-10-01 07:25:25,XAUUSD,BUY,SMC-LiquidityHunt,4148.55,0.01,4146.58,4152.49,0.00,
2026-10-01 14:25:29,BTCUSD,BUY,SR-SwingBounce,83448.65,0.01,83340.10,83665.75,0.00,
2026-10-01 14:59:10,BTCUSD,BUY,SR-SwingBounce,83432.15,0.01,83315.31,83665.83,0.00,
2026-10-01 15:31:11,BTCUSD,BUY,SR-SwingBounce+Div,83360.35,0.01,83253.00,83575.05,0.00,
2026-10-01 21:27:02,BTCUSD,SELL,SR-SwingBounce+Div,84154.50,0.01,84285.21,83893.08,0.00,
2026-10-01 22:50:17,BTCUSD,SELL,SR-SwingBounce+Div,84148.60,0.01,84325.26,83795.28,0.00,
2026-10-01 23:37:34,BTCUSD,SELL,SMC-LiquidityHunt,84360.50,0.01,84535.22,84011.06,0.00,
2026-10-02 01:00:00,BTCUSD,SELL,SR-SwingBounce+Div,84863.80,0.01,85019.53,84552.34,0.00,
2026-10-02 08:28:39,XAUUSD,SELL,Trend-Breakout,4147.72,0.01,4151.31,4140.54,0.00,
2026-10-02 09:50:10,BTCUSD,SELL,SR-SwingBounce+Div,85069.30,0.01,85162.16,84883.58,0.00,
2026-10-02 10:07:23,BTCUSD,SELL,SMC-LiquidityHunt+Div,85236.30,0.01,85336.53,85035.84,0.00,
2026-10-02 11:33:44,XAUUSD,SELL,SMC-LiquidityHunt,4187.46,0.01,4191.26,4179.86,0.00,
2026-10-02 12:21:59,XAUUSD,SELL,SR-SwingBounce,4187.30,0.01,4190.97,4179.96,0.00,
2026-10-02 13:15:37,XAUUSD,SELL,SR-SwingBounce,4190.83,0.01,4194.05,4184.39,0.00,
2026-10-02 20:38:36,BTCUSD,SELL,SR-SwingBounce+Div,87011.90,0.01,87156.83,86722.04,0.00,
